id,title,score,type,eps,year
mal_1,Sousou no Frieren,9.28,TV,28,Sep 2023 - Mar 2024
mal_2,Sousou no Frieren 2nd Season,9.24,TV,10,Jan 2026 -
mal_3,Chainsaw Man Movie: Reze-hen,9.10,Movie,1,Sep 2025 - Sep 2025
mal_4,Fullmetal Alchemist: Brotherhood,9.10,TV,64,Apr 2009 - Jul 2010
mal_5,Steins;Gate,9.07,TV,24,Apr 2011 - Sep 2011
mal_6,Shingeki no Kyojin Season 3 Part 2,9.05,TV,10,Apr 2019 - Jul 2019
mal_7,Gintama: The Final,9.05,Movie,1,Jan 2021 - Jan 2021
mal_8,Gintama°,9.05,TV,51,Apr 2015 - Mar 2016
mal_9,Hunter x Hunter (2011),9.03,TV,148,Oct 2011 - Sep 2014
mal_10,Ginga Eiyuu Densetsu,9.02,OVA,110,Jan 1988 - Mar 1997
mal_11,Gintama',9.02,TV,51,Apr 2011 - Mar 2012
mal_12,Gintama': Enchousen,9.02,TV,13,Oct 2012 - Mar 2013
mal_13,One Piece Fan Letter,9.02,TV Special,1,Oct 2024 - Oct 2024
mal_14,Bleach: Sennen Kessen-hen,8.98,TV,13,Oct 2022 - Dec 2022
mal_15,Gintama.,8.98,TV,12,Jan 2017 - Mar 2017
mal_16,Kaguya-sama wa Kokurasetai: Ultra Romantic,8.96,TV,13,Apr 2022 - Jun 2022
mal_17,Fruits Basket: The Final,8.94,TV,13,Apr 2021 - Jun 2021
mal_18,Clannad: After Story,8.93,TV,24,Oct 2008 - Mar 2009
mal_19,Gintama,8.93,TV,201,Apr 2006 - Mar 2010
mal_20,Koe no Katachi,8.93,Movie,1,Sep 2016 - Sep 2016
mal_21,Kusuriya no Hitorigoto 2nd Season,8.91,TV,24,Jan 2025 - Jul 2025
mal_22,Code Geass: Hangyaku no Lelouch R2,8.91,TV,25,Apr 2008 - Sep 2008
mal_23,3-gatsu no Lion 2nd Season,8.90,TV,22,Oct 2017 - Mar 2018
mal_24,Gintama Movie 2: Kanketsu-hen - Yorozuya yo Eien Nare,8.89,Movie,1,Jul 2013 - Jul 2013
mal_25,Monster,8.89,TV,74,Apr 2004 - Sep 2005
mal_26,Gintama. Shirogane no Tamashii-hen - Kouhan-sen,8.88,TV,14,Jul 2018 - Oct 2018
mal_27,Owarimonogatari 2nd Season,8.86,TV Special,7,Aug 2017 - Aug 2017
mal_28,Shingeki no Kyojin: The Final Season - Kanketsu-hen,8.86,TV Special,2,Mar 2023 - Nov 2023
mal_29,Kusuriya no Hitorigoto,8.85,TV,24,Oct 2023 - Mar 2024
mal_30,Kingdom 3rd Season,8.84,TV,26,Apr 2020 - Oct 2021
mal_31,Violet Evergarden Movie,8.84,Movie,1,Sep 2020 - Sep 2020
mal_32,Shingeki no Kyojin Movie: Kanketsu-hen - The Last Attack,8.83,Movie,1,Nov 2024 - Nov 2024
mal_33,Kimi no Na wa.,8.83,Movie,1,Aug 2016 - Aug 2016
mal_34,Vinland Saga Season 2,8.82,TV,24,Jan 2023 - Jun 2023
mal_35,Gintama. Shirogane no Tamashii-hen,8.81,TV,12,Jan 2018 - Mar 2018
mal_36,Ashita no Joe 2,8.78,TV,47,Oct 1980 - Aug 1981
mal_37,Hajime no Ippo,8.78,TV,75,Oct 2000 - Mar 2002
mal_38,Shingeki no Kyojin: The Final Season,8.78,TV,16,Dec 2020 - Mar 2021
mal_39,Vinland Saga,8.78,TV,24,Jul 2019 - Dec 2019
mal_40,Kizumonogatari III: Reiketsu-hen,8.78,Movie,1,Jan 2017 - Jan 2017
mal_41,Mob Psycho 100 II,8.78,TV,13,Jan 2019 - Apr 2019
mal_42,Haikyuu!! Karasuno Koukou vs. Shiratorizawa Gakuen Koukou,8.77,TV,10,Oct 2016 - Dec 2016
mal_43,Sen to Chihiro no Kamikakushi,8.77,Movie,1,Jul 2001 - Jul 2001
mal_44,Shingeki no Kyojin: The Final Season Part 2,8.77,TV,12,Jan 2022 - Apr 2022
mal_45,Takopii no Genzai,8.77,ONA,6,Jun 2025 - Aug 2025
mal_46,Monogatari Series: Second Season,8.76,TV,26,Jul 2013 - Dec 2013
mal_47,Cowboy Bebop,8.75,TV,26,Apr 1998 - Apr 1999
mal_48,Boku no Hero Academia: Final Season,8.74,TV,11,Oct 2025 - Dec 2025
mal_49,Bocchi the Rock!,8.73,TV,12,Oct 2022 - Dec 2022
mal_50,Kingdom 4th Season,8.73,TV,26,Apr 2022 - Oct 2022
mal_51,Sono Bisque Doll wa Koi wo Suru Season 2,8.19,TV,12,Jul 2025 - Sep 2025
mal_52,Vanitas no Karte Part 2,8.19,TV,12,Jan 2022 - Apr 2022
mal_53,Yi Nian Yong Heng 2nd Season,8.19,ONA,54,Jul 2022 - Jul 2023
mal_54,xxxHOLiC Rou,8.18,OVA,2,Apr 2010 - Mar 2011
mal_55,K-On!!,8.18,TV,26,Apr 2010 - Sep 2010
mal_56,Made in Abyss Movie 1: Tabidachi no Yoake,8.18,Movie,1,Jan 2019 - Jan 2019
mal_57,Major S4,8.18,TV,26,Jan 2008 - Jun 2008
mal_58,Meitantei Conan,8.18,TV,?,Jan 1996 -
mal_59,Nomad: Megalo Box 2,8.18,TV,13,Apr 2021 - Jun 2021
mal_60,Cang Yuan Tu,8.18,ONA,26,Jun 2023 - Dec 2023
mal_61,Cardcaptor Sakura,8.18,TV,70,Apr 1998 - Mar 2000
mal_62,Fate/stay night: Unlimited Blade Works,8.18,TV,12,Oct 2014 - Dec 2014
mal_63,Ginga Eiyuu Densetsu: Die Neue These - Seiran 2,8.18,Movie,4,Oct 2019 - Oct 2019
mal_64,Hachimitsu to Clover II,8.18,TV,12,Jun 2006 - Sep 2006
mal_65,Hunter x Hunter: Greed Island,8.18,OVA,8,Feb 2003 - Apr 2003
mal_66,Ao no Hako,8.17,TV,25,Oct 2024 - Mar 2025
mal_67,Bakuman.,8.17,TV,25,Oct 2010 - Apr 2011
mal_68,Ballroom e Youkoso,8.17,TV,24,Jul 2017 - Dec 2017
mal_69,Black Lagoon: The Second Barrage,8.17,TV,12,Oct 2006 - Dec 2006
mal_70,Chihayafuru,8.17,TV,25,Oct 2011 - Mar 2012
mal_71,Digimon Adventure: Last Evolution Kizuna,8.17,Movie,1,Feb 2020 - Feb 2020
mal_72,Girls & Panzer: Saishuushou Part 3,8.17,Movie,1,Mar 2021 - Mar 2021
mal_73,Seishun Buta Yarou wa Santa Claus no Yume wo Minai,8.17,TV,13,Jul 2025 - Sep 2025
mal_74,Tengen Toppa Gurren Lagann Movie 1: Gurren-hen,8.17,Movie,1,Sep 2008 - Sep 2008
mal_75,Yojouhan Time Machine Blues,8.17,ONA,6,Sep 2022 - Oct 2022
mal_76,Yoru wa Mijikashi Arukeyo Otome,8.17,Movie,1,Apr 2017 - Apr 2017
mal_77,Yuukoku no Moriarty,8.17,TV,11,Oct 2020 - Dec 2020
mal_78,Initial D Fourth Stage,8.17,TV,24,Apr 2004 - Feb 2006
mal_79,"Kamisama Hajimemashita: Kamisama, Shiawase ni Naru",8.17,OVA,1,Dec 2016 - Dec 2016
mal_80,Little Busters! Refrain,8.17,TV,13,Oct 2013 - Dec 2013
mal_81,Major S2,8.17,TV,26,Dec 2005 - Jun 2006
mal_82,Meitantei Conan Movie 20: Junkoku no Nightmare,8.17,Movie,1,Apr 2016 - Apr 2016
mal_83,Natsume Yuujinchou: Ishi Okoshi to Ayashiki Raihousha,8.17,Movie,1,Jan 2021 - Jan 2021
mal_84,Non Non Biyori Repeat,8.17,TV,12,Jul 2015 - Sep 2015
mal_85,One Piece Movie 14: Stampede,8.17,Movie,1,Aug 2019 - Aug 2019
mal_86,Kimetsu no Yaiba: Katanakaji no Sato-hen,8.16,TV,11,Apr 2023 - Jun 2023
mal_87,Kuroshitsuji: Midori no Majo-hen,8.16,TV,13,Apr 2025 - Jun 2025
mal_88,No Game No Life: Zero,8.16,Movie,1,Jul 2017 - Jul 2017
mal_89,Ouran Koukou Host Club,8.16,TV,26,Apr 2006 - Sep 2006
mal_90,Akira,8.16,Movie,1,Jul 1988 - Jul 1988
mal_91,Aria the Natural,8.16,TV,26,Apr 2006 - Sep 2006
mal_92,Bungou Stray Dogs 2nd Season,8.16,TV,12,Oct 2016 - Dec 2016
mal_93,Fate/strange Fake: Whispers of Dawn,8.16,TV Special,1,Jul 2023 - Jul 2023
mal_94,Higurashi no Naku Koro ni Kai,8.16,TV,24,Jul 2007 - Dec 2007
mal_95,Ao Ashi,8.15,TV,24,Apr 2022 - Sep 2022
mal_96,Dr. Stone: New World,8.15,TV,11,Apr 2023 - Jun 2023
mal_97,Dr. Stone: Stone Wars,8.15,TV,11,Jan 2021 - Mar 2021
mal_98,Fate/stay night Movie: Heaven's Feel - I. Presage Flower,8.15,Movie,1,Oct 2017 - Oct 2017
mal_99,Holo no Graffiti,8.15,ONA,?,May 2019 -
mal_100,Kono Subarashii Sekai ni Shukufuku wo! 3: Bonus Stage,8.15,OVA,2,Apr 2025 - Apr 2025
mal_101,Kotarou wa Hitorigurashi,8.15,ONA,10,Mar 2022 - Mar 2022
mal_102,Lupin III: Cagliostro no Shiro,8.15,Movie,1,Dec 1979 - Dec 1979
mal_103,Non Non Biyori Nonstop: Bukatsu wo Ganbatta,8.15,OVA,1,Mar 2022 - Mar 2022
mal_104,Jujutsu Kaisen: Kaigyoku/Gyokusetsu,8.14,Movie,1,May 2025 - May 2025
mal_105,Kaiba,8.14,TV,12,Apr 2008 - Jul 2008
mal_106,Kidou Senshi Gundam: The Origin - Zenya Akai Suisei,8.14,TV,13,Apr 2019 - Aug 2019
mal_107,Lycoris Recoil,8.14,TV,13,Jul 2022 - Sep 2022
mal_108,Noragami Aragoto,8.14,TV,13,Oct 2015 - Dec 2015
mal_109,Princess Tutu,8.14,TV,38,Aug 2002 - May 2003
mal_110,Black Clover,8.14,TV,170,Oct 2017 - Mar 2021
mal_111,Sono Bisque Doll wa Koi wo Suru,8.14,TV,12,Jan 2022 - Mar 2022
mal_112,The Fable,8.14,TV,25,Apr 2024 - Sep 2024
mal_113,Toaru Kagaku no Railgun T,8.14,TV,25,Jan 2020 - Sep 2020
mal_114,Seihantai na Kimi to Boku,8.13,TV,12,Jan 2026 -
mal_115,Tensei shitara Slime Datta Ken,8.13,TV,24,Oct 2018 - Mar 2019
mal_116,Working!!! Lord of the Takanashi,8.13,Special,1,Mar 2016 - Mar 2016
mal_117,IDOLiSH7 Second Beat!,8.13,TV,15,Apr 2020 - Dec 2020
mal_118,Kaze Tachinu,8.13,Movie,1,Jul 2013 - Jul 2013
mal_119,Kyoukai no Kanata Movie 2: I'll Be Here - Mirai-hen,8.13,Movie,1,Apr 2015 - Apr 2015
mal_120,Major: Message,8.13,OVA,1,Dec 2010 - Dec 2010
mal_121,Nodame Cantabile: Paris-hen,8.13,TV,11,Oct 2008 - Dec 2008
mal_122,Blue Lock,8.13,TV,24,Oct 2022 - Mar 2023
mal_123,Death Parade,8.13,TV,12,Jan 2015 - Mar 2015
mal_124,Eizouken ni wa Te wo Dasu na!,8.13,TV,12,Jan 2020 - Mar 2020
mal_125,Ginga Eiyuu Densetsu Gaiden,8.13,OVA,24,Feb 1998 - Sep 1998
mal_126,Given: Uragawa no Sonzai,8.13,OVA,1,Dec 2021 - Dec 2021
mal_127,Golden Kamuy 4th Season,8.13,TV,13,Oct 2022 - Jun 2023
mal_128,Horimiya: Piece,8.13,TV,13,Jul 2023 - Sep 2023
mal_129,Boku no Hero Academia 7th Season,8.12,TV,21,May 2024 - Oct 2024
mal_130,Dr. Stone: Ryuusui,8.12,TV Special,1,Jul 2022 - Jul 2022
mal_131,Eiga Daisuki Pompo-san,8.12,Movie,1,Jun 2021 - Jun 2021
mal_132,Fullmetal Alchemist,8.12,TV,51,Oct 2003 - Oct 2004
mal_133,Gintama': Futon ni Haitte kara Buki Nokoshi ni Kizuite Neru ni Nerenai Toki mo Aru,8.12,Special,1,Apr 2015 - Apr 2015
mal_134,Seirei no Moribito,8.12,TV,26,Apr 2007 - Sep 2007
mal_135,Shen Yin Wangzuo,8.12,ONA,26,Apr 2022 - Sep 2022
mal_136,Shinigami Bocchan to Kuro Maid 3rd Season,8.12,TV,12,Apr 2024 - Jun 2024
mal_137,Stand By Me Doraemon,8.12,Movie,1,Aug 2014 - Aug 2014
mal_138,Interstella5555: The 5tory of The 5ecret 5tar 5ystem,8.12,Movie,1,Dec 2003 - Dec 2003
mal_139,Kamisama Hajimemashita,8.12,TV,13,Oct 2012 - Dec 2012
mal_140,Katekyou Hitman Reborn!,8.12,TV,203,Oct 2006 - Sep 2010
mal_141,Lupin III: Part 5,8.12,TV,24,Apr 2018 - Sep 2018
mal_142,Nisemonogatari,8.12,TV,11,Jan 2012 - Mar 2012
mal_143,Ookami to Koushinryou: Merchant Meets the Wise Wolf,8.12,TV,25,Apr 2024 - Sep 2024
mal_144,Precure All Stars Movie F,8.12,Movie,1,Sep 2023 - Sep 2023
mal_145,Initial D Fifth Stage,8.11,TV,14,Nov 2012 - May 2013
mal_146,JoJo no Kimyou na Bouken Part 3: Stardust Crusaders,8.11,TV,24,Apr 2014 - Sep 2014
mal_147,Kuragehime,8.11,TV,11,Oct 2010 - Dec 2010
mal_148,Mahou Shoujo Lyrical Nanoha: The Movie 2nd A's,8.11,Movie,1,Jul 2012 - Jul 2012
mal_149,Meitantei Conan Movie 05: Tengoku e no Countdown,8.11,Movie,1,Apr 2001 - Apr 2001
mal_150,Meitantei Conan Movie 14: Tenkuu no Lost Ship,8.11,Movie,1,Apr 2010 - Apr 2010
mal_151,Diamond no Ace,8.11,TV,75,Oct 2013 - Mar 2015
mal_152,Fumetsu no Anata e Season 2,8.11,TV,20,Oct 2022 - Mar 2023
mal_153,Gankutsuou,8.11,TV,24,Oct 2004 - Mar 2005
mal_154,Given Movie 1,8.11,Movie,1,Aug 2020 - Aug 2020
mal_155,Haikyuu!! Movie 1: Owari to Hajimari,8.11,Movie,1,Jul 2015 - Jul 2015
mal_156,Haikyuu!! Movie 2: Shousha to Haisha,8.11,Movie,1,Sep 2015 - Sep 2015
mal_157,Hinamatsuri,8.11,TV,12,Apr 2018 - Jun 2018
mal_158,Saiki Kusuo no Ψ-nan: Ψ-shidou-hen,8.11,ONA,6,Dec 2019 - Dec 2019
mal_159,Shokugeki no Souma,8.11,TV,24,Apr 2015 - Sep 2015
mal_160,Silent Witch: Chinmoku no Majo no Kakushigoto,8.11,TV,13,Jul 2025 - Oct 2025
mal_161,Skip to Loafer,8.11,TV,12,Apr 2023 - Jun 2023
mal_162,Tamayura: Sotsugyou Shashin Part 4 - Ashita,8.11,Movie,1,Apr 2016 - Apr 2016
mal_163,Saint Seiya: The Lost Canvas - Meiou Shinwa 2,8.10,OVA,13,Feb 2011 - Jul 2011
mal_164,Serial Experiments Lain,8.10,TV,13,Jul 1998 - Sep 1998
mal_165,"Shangri-La Frontier: Kusoge Hunter, Kamige ni Idoman to su",8.10,TV,25,Oct 2023 - Mar 2024
mal_166,Spy x Family Movie: Code: White,8.10,Movie,1,Dec 2023 - Dec 2023
mal_167,Kidou Senshi Gundam 00,8.10,TV,25,Oct 2007 - Mar 2008
mal_168,Koukaku Kidoutai: Stand Alone Complex - Solid State Society,8.10,TV Special,1,Sep 2006 - Sep 2006
mal_169,Mirai Shounen Conan,8.10,TV,26,Apr 1978 - Oct 1978
mal_170,One Piece Film: Z,8.10,Movie,1,Dec 2012 - Dec 2012
mal_171,One Piece: Episode of Nami - Koukaishi no Namida to Nakama no Kizuna,8.10,TV Special,1,Aug 2012 - Aug 2012
mal_172,Paripi Koumei,8.10,TV,12,Apr 2022 - Jun 2022
mal_173,Akatsuki no Yona OVA,8.10,OVA,3,Sep 2015 - Dec 2016
mal_174,Buddy Daddies,8.10,TV,12,Jan 2023 - Apr 2023
mal_175,Chuunibyou demo Koi ga Shitai! Movie: Take On Me,8.10,Movie,1,Jan 2018 - Jan 2018
mal_176,City The Animation,8.09,TV,13,Jul 2025 - Sep 2025
mal_177,Detroit Metal City,8.09,OVA,12,Aug 2008 - Oct 2008
mal_178,Durarara!!,8.09,TV,24,Jan 2010 - Jun 2010
mal_179,Fujimoto Tatsuki 17-26,8.09,ONA,8,Nov 2025 - Nov 2025
mal_180,Gin no Saji,8.09,TV,11,Jul 2013 - Sep 2013
mal_181,Gintama°: Umai-mono wa Atomawashi ni Suru to Yokodorisareru kara Yappari Saki ni Kue,8.09,Special,1,Nov 2015 - Nov 2015
mal_182,Hidamari Sketch: Sae Hiro Sotsugyou-hen,8.09,OVA,2,Nov 2013 - Nov 2013
mal_183,Toki wo Kakeru Shoujo,8.09,Movie,1,Jul 2006 - Jul 2006
mal_184,Tsurune: Tsunagari no Issha,8.09,TV,13,Jan 2023 - Mar 2023
mal_185,"Watashi ga Koibito ni Nareru Wake Nai jan, Muri Muri! (※Muri ja Nakatta!?) (TV Special)",8.09,TV Special,5,Jan 2026 - Jan 2026
mal_186,Yuanshen: Jinzhong Ge,8.09,ONA,1,Apr 2024 - Apr 2024
mal_187,Yuusha-Ou GaoGaiGar Final,8.09,OVA,8,Jan 2000 - Mar 2003
mal_188,Zhan Shen: Fanchen Shenyu,8.09,ONA,15,Jul 2024 - Oct 2024
mal_189,Jigokuraku,8.09,TV,13,Apr 2023 - Jul 2023
mal_190,Kono Subarashii Sekai ni Shukufuku wo!,8.09,TV,10,Jan 2016 - Mar 2016
mal_191,Kuroko no Basket: Saikou no Present desu,8.09,Special,1,Dec 2015 - Dec 2015
mal_192,Mahoutsukai no Yome: Hoshi Matsu Hito,8.09,OVA,3,Sep 2016 - Sep 2017
mal_193,Make Heroine ga Oosugiru!,8.09,TV,12,Jul 2024 - Sep 2024
mal_194,Kamisama Hajimemashita OVA,8.08,OVA,2,Aug 2013 - Aug 2013
mal_195,Kidou Senshi Gundam Unicorn,8.08,OVA,7,Mar 2010 - Jun 2014
mal_196,Kuroko no Basket Movie 4: Last Game,8.08,Movie,1,Mar 2017 - Mar 2017
mal_197,Hajime no Ippo: Boxer no Kobushi,8.08,Special,1,Mar 2003 - Mar 2003
mal_198,Tsukimonogatari,8.08,TV Special,4,Dec 2014 - Dec 2014
mal_199,Zankyou no Terror,8.08,TV,11,Jul 2014 - Sep 2014
mal_200,Skip Beat!,8.07,TV,25,Oct 2008 - Mar 2009
mal_201,Tsubasa: Shunraiki,8.07,OVA,2,Mar 2009 - May 2009
mal_202,Uchouten Kazoku 2,8.07,TV,12,Apr 2017 - Jun 2017
mal_203,Kanata no Astra,8.07,TV,12,Jul 2019 - Sep 2019
mal_204,Kidou Senshi Gundam 00 Second Season,8.07,TV,25,Oct 2008 - Mar 2009
mal_205,Kimi wa Houkago Insomnia,8.07,TV,13,Apr 2023 - Jul 2023
mal_206,Ore dake Level Up na Ken: ReAwakening,8.07,Movie,1,Nov 2024 - Nov 2024
mal_207,Ansatsu Kyoushitsu,8.07,TV,22,Jan 2015 - Jun 2015
mal_208,Azumanga Daiou The Animation,8.07,TV,26,Apr 2002 - Oct 2002
mal_209,Baccano! Specials,8.07,Special,3,Feb 2008 - May 2008
mal_210,City Hunter 2,8.07,TV,63,Apr 1988 - Jul 1989
mal_211,Ginga Eiyuu Densetsu: Arata naru Tatakai no Overture,8.07,Movie,1,Dec 1993 - Dec 1993
mal_212,Ginga Eiyuu Densetsu: Die Neue These - Seiran 1,8.07,Movie,4,Sep 2019 - Sep 2019
mal_213,Gintama: Nanigoto mo Saisho ga Kanjin nanode Tashou Senobisuru Kurai ga Choudoyoi,8.07,Special,1,Sep 2005 - Sep 2005
mal_214,Girls & Panzer: Saishuushou Part 2,8.07,Movie,1,Jun 2019 - Jun 2019
mal_215,Hikaru no Go,8.07,TV,75,Oct 2001 - Mar 2003
mal_216,Honzuki no Gekokujou: Shisho ni Naru Tame ni wa Shudan wo Erandeiraremasen 2nd Season,8.07,TV,12,Apr 2020 - Jun 2020
mal_217,Honzuki no Gekokujou: Shisho ni Naru Tame ni wa Shudan wo Erandeiraremasen 3rd Season,8.07,TV,10,Apr 2022 - Jun 2022
mal_218,BanG Dream! Ave Mujica,8.06,TV,13,Jan 2025 - Mar 2025
mal_219,Douluo Dalu II: Jueshi Tangmen,8.06,ONA,156,Jun 2023 -
mal_220,Enen no Shouboutai: San no Shou Part 2,8.06,TV,13,Jan 2026 -
mal_221,Ginga Eiyuu Densetsu Gaiden (1999),8.06,OVA,28,Dec 1999 - Jul 2000
mal_222,Gintama: Dai Hanseikai,8.06,Special,1,Mar 2010 - Mar 2010
mal_223,Quanzhi Gaoshou: Dianfeng Rongyao,8.06,Movie,1,Aug 2019 - Aug 2019
mal_224,Saint Seiya: Meiou Hades Juuni Kyuu-hen,8.06,OVA,13,Nov 2002 - Jul 2003
mal_225,Shokugeki no Souma: Ni no Sara,8.06,TV,13,Jul 2016 - Sep 2016
mal_226,Shoushimin Series 2nd Season,8.06,TV,12,Apr 2025 - Jun 2025
mal_227,Spy x Family Season 2,8.06,TV,12,Oct 2023 - Dec 2023
mal_228,Tunshi Xingkong,8.06,ONA,26,Nov 2020 - May 2021
mal_229,Youkoso Jitsuryoku Shijou Shugi no Kyoushitsu e 2nd Season,8.06,TV,13,Jul 2022 - Sep 2022
mal_230,JoJo no Kimyou na Bouken Part 6: Stone Ocean,8.06,ONA,12,Dec 2021 - Dec 2021
mal_231,Karasu wa Aruji wo Erabanai,8.06,TV,20,Apr 2024 - Sep 2024
mal_232,Kidou Senshi Gundam: Tekketsu no Orphans,8.06,TV,25,Oct 2015 - Mar 2016
mal_233,Koukaku Kidoutai: Stand Alone Complex - The Laughing Man,8.06,OVA,1,Sep 2005 - Sep 2005
mal_234,Kuroshitsuji: Book of Circus,8.06,TV,10,Jul 2014 - Sep 2014
mal_235,Kyou kara Ore wa!!,8.06,OVA,10,Apr 1993 - Dec 1997
mal_236,Overlord IV,8.06,TV,13,Jul 2022 - Sep 2022
mal_237,Persona 3 the Movie 4: Winter of Rebirth,8.06,Movie,1,Jan 2016 - Jan 2016
mal_238,Kodomo no Omocha (TV),8.05,TV,102,Apr 1996 - Mar 1998
mal_239,Mahoutsukai no Yome,8.05,TV,24,Oct 2017 - Mar 2018
mal_240,Meitantei Conan Movie 08: Ginyoku no Magician,8.05,Movie,1,Apr 2004 - Apr 2004
mal_241,Meitantei Conan Movie 18: Ijigen no Sniper,8.05,Movie,1,Apr 2014 - Apr 2014
mal_242,Meitantei Conan Movie 25: Halloween no Hanayome,8.05,Movie,1,Apr 2022 - Apr 2022
mal_243,NieR:Automata Ver1.1a Part 2,8.05,TV,12,Jul 2024 - Sep 2024
mal_244,Angel Beats!,8.05,TV,13,Apr 2010 - Jun 2010
mal_245,Boku no Hero Academia 2nd Season,8.05,TV,25,Apr 2017 - Sep 2017
mal_246,Durarara!!x2 Ketsu,8.05,TV,12,Jan 2016 - Mar 2016
mal_247,Given Movie 2: Hiiragi Mix,8.05,Movie,1,Jan 2024 - Jan 2024
mal_248,Hyouka,8.05,TV,22,Apr 2012 - Sep 2012
mal_249,Akatsuki no Yona,8.04,TV,24,Oct 2014 - Mar 2015
mal_250,Darker than Black: Kuro no Keiyakusha,8.04,TV,25,Apr 2007 - Sep 2007
mal_251,Dorohedoro,8.04,TV,12,Jan 2020 - Mar 2020
mal_252,FLCL,8.04,OVA,6,Apr 2000 - Mar 2001
mal_253,Golden Boy,8.04,OVA,6,Oct 1995 - Jun 1996
mal_254,Gosick,8.04,TV,24,Jan 2011 - Jul 2011
mal_255,Jibaku Shounen Hanako-kun 2 Part 2,8.04,TV,12,Jul 2025 - Sep 2025
mal_256,JoJo no Kimyou na Bouken Part 6: Stone Ocean Part 2,8.04,ONA,12,Sep 2022 - Sep 2022
mal_257,Koukyoushihen Eureka Seven,8.04,TV,50,Apr 2005 - Apr 2006
mal_258,Kuroko no Basket,8.04,TV,25,Apr 2012 - Sep 2012
mal_259,Kuroshitsuji: Book of Murder,8.04,OVA,2,Jan 2015 - Feb 2015
mal_260,Meitantei Conan Movie 03: Seikimatsu no Majutsushi,8.04,Movie,1,Apr 1999 - Apr 1999
mal_261,MF Ghost 3rd Season,8.04,TV,?,Jan 2026 -
mal_262,No Game No Life,8.04,TV,12,Apr 2014 - Jun 2014
mal_263,Omoide no Marnie,8.04,Movie,1,Jul 2014 - Jul 2014
mal_264,One Piece Film: Strong World,8.04,Movie,1,Dec 2009 - Dec 2009
mal_265,Paprika,8.04,Movie,1,Nov 2006 - Nov 2006
mal_266,Sakura-sou no Pet na Kanojo,8.04,TV,24,Oct 2012 - Mar 2013
mal_267,Toradora!,8.04,TV,25,Oct 2008 - Mar 2009
mal_268,World Trigger 2nd Season,8.04,TV,12,Jan 2021 - Apr 2021
mal_269,Yowamushi Pedal: Grande Road,8.04,TV,24,Oct 2014 - Mar 2015
mal_270,Zombieland Saga Movie: Yumeginga Paradise,8.04,Movie,1,Oct 2025 - Oct 2025
mal_271,Shijou Saikyou no Deshi Kenichi,8.03,TV,50,Oct 2006 - Sep 2007
mal_272,Yuru Camp△ Season 3,8.03,TV,12,Apr 2024 - Jun 2024
mal_273,Black Lagoon,8.03,TV,12,Apr 2006 - Jun 2006
mal_274,Fate/stay night: Unlimited Blade Works Prologue,8.03,TV Special,1,Oct 2014 - Oct 2014
mal_275,Gridman Universe,8.03,Movie,1,Mar 2023 - Mar 2023
mal_276,Kidou Keisatsu Patlabor 2 the Movie,8.03,Movie,1,Aug 1993 - Aug 1993
mal_277,Kill la Kill,8.03,TV,24,Oct 2013 - Mar 2014
mal_278,Kimetsu no Yaiba: Hashira Geiko-hen,8.03,TV,8,May 2024 - Jun 2024
mal_279,Lovely★Complex,8.03,TV,24,Apr 2007 - Sep 2007
mal_280,Meitantei Conan Movie 04: Hitomi no Naka no Ansatsusha,8.03,Movie,1,Apr 2000 - Apr 2000
mal_281,Karakai Jouzu no Takagi-san 2,8.02,TV,12,Jul 2019 - Sep 2019
mal_282,Mairimashita! Iruma-kun 2nd Season,8.02,TV,21,Apr 2021 - Sep 2021
mal_283,Meitantei Conan Movie 10: Tantei-tachi no Requiem,8.02,Movie,1,Apr 2006 - Apr 2006
mal_284,Naruto,8.02,TV,220,Oct 2002 - Feb 2007
mal_285,Omae Umasou da na,8.02,Movie,1,Oct 2010 - Oct 2010
mal_286,Shadows House 2nd Season,8.02,TV,12,Jul 2022 - Sep 2022
mal_287,Tsuki ga Kirei,8.02,TV,12,Apr 2017 - Jun 2017
mal_288,Wan Sheng Jie 2,8.02,ONA,12,Oct 2020 - Dec 2020
mal_289,xxxHOLiC Shunmuki,8.02,OVA,2,Feb 2009 - Jun 2009
mal_290,Yahari Ore no Seishun Love Comedy wa Machigatteiru. Zoku OVA,8.02,OVA,1,Oct 2016 - Oct 2016
mal_291,Apocalypse Hotel,8.02,TV,12,Apr 2025 - Jun 2025
mal_292,Black Lagoon: Roberta's Blood Trail,8.02,OVA,5,Jun 2010 - Jun 2011
mal_293,Dennou Coil,8.02,TV,26,May 2007 - Dec 2007
mal_294,Ginga Nagareboshi Gin,8.02,TV,21,Apr 1986 - Aug 1986
mal_295,Glass no Kamen (2005),8.02,TV,51,Apr 2005 - Mar 2006
mal_296,Hibike! Euphonium,8.02,TV,13,Apr 2015 - Jul 2015
mal_297,Hikaru ga Shinda Natsu,8.02,TV,12,Jul 2025 - Sep 2025
mal_298,Full Metal Panic? Fumoffu,8.01,TV,12,Aug 2003 - Nov 2003
mal_299,Kimi ni Todoke,8.01,TV,25,Oct 2009 - Mar 2010
mal_300,Kono Subarashii Sekai ni Shukufuku wo! 2: Kono Subarashii Geijutsu ni Shukufuku wo!,8.01,OVA,1,Jul 2017 - Jul 2017
mal_301,Mignon,8.01,ONA,12,Aug 2023 - Aug 2023
mal_302,Mononoke Movie 1: Karakasa,8.01,Movie,1,Jul 2024 - Jul 2024
mal_303,Pui Pui Molcar,8.01,TV,12,Jan 2021 - Mar 2021
mal_304,Slayers Next,8.01,TV,26,Apr 1996 - Sep 1996
mal_305,Summer Wars,8.01,Movie,1,Aug 2009 - Aug 2009
mal_306,Tonikaku Kawaii: SNS,8.01,OVA,1,Aug 2021 - Aug 2021
mal_307,Wan Sheng Jie 3,8.01,ONA,12,Jan 2022 - Apr 2022
mal_308,Saiunkoku Monogatari 2nd Season,8.00,TV,39,Apr 2007 - Mar 2008
mal_309,Shingeki no Kyojin Movie 2: Jiyuu no Tsubasa,8.00,Movie,1,Jun 2015 - Jun 2015
mal_310,SK∞,8.00,TV,12,Jan 2021 - Apr 2021
mal_311,Toaru Kagaku no Railgun S,8.00,TV,24,Apr 2013 - Sep 2013
mal_312,Tokyo Magnitude 8.0,8.00,TV,11,Jul 2009 - Sep 2009
mal_313,Yahari Ore no Seishun Love Comedy wa Machigatteiru.,8.00,TV,13,Apr 2013 - Jun 2013
mal_314,5-toubun no Hanayome ∬,8.00,TV,12,Jan 2021 - Mar 2021
mal_315,Ao no Exorcist: Yosuga-hen,8.00,TV,12,Jan 2025 - Mar 2025
mal_316,Baby Steps 2nd Season,8.00,TV,25,Apr 2015 - Sep 2015
mal_317,D.Gray-man,8.00,TV,103,Oct 2006 - Sep 2008
mal_318,Evangelion Movie 1: Jo,8.00,Movie,1,Sep 2007 - Sep 2007
mal_319,Fullmetal Alchemist: Brotherhood Specials,8.00,Special,4,Aug 2009 - Aug 2010
mal_320,Juuni Kokuki,8.00,TV,45,Apr 2002 - Aug 2003
mal_321,Kara no Kyoukai Movie 3: Tsuukaku Zanryuu,8.00,Movie,1,Feb 2008 - Feb 2008
mal_322,Kidou Senshi Gundam 0080: Pocket no Naka no Sensou,8.00,OVA,6,Mar 1989 - Aug 1989
mal_323,Ling Long 2nd Season,8.00,ONA,12,May 2025 - Aug 2025
mal_324,Magi: The Labyrinth of Magic,8.00,TV,25,Oct 2012 - Mar 2013
mal_325,Meitantei Conan Movie 15: Chinmoku no Quarter,8.00,Movie,1,Apr 2011 - Apr 2011
mal_326,Kaichou wa Maid-sama!,7.99,TV,26,Apr 2010 - Sep 2010
mal_327,Kidou Senshi Gundam: Dai 08 MS Shoutai,7.99,OVA,12,Jan 1996 - Jul 1999
mal_328,Ranma ½ (2024),7.99,TV,12,Oct 2024 - Dec 2024
mal_329,Ruri no Houseki,7.99,TV,13,Jul 2025 - Sep 2025
mal_330,Saint Seiya: The Lost Canvas - Meiou Shinwa,7.99,OVA,13,Jun 2009 - Apr 2010
mal_331,Tsumiki no Ie,7.99,Movie,1,Jun 2008 - Jun 2008
mal_332,BanG Dream! 3rd Season,7.99,TV,13,Jan 2020 - Apr 2020
mal_333,BanG Dream! Movie: Episode of Roselia - II: Song I Am.,7.99,Movie,1,Jun 2021 - Jun 2021
mal_334,Bleach,7.99,TV,366,Oct 2004 - Mar 2012
mal_335,Clannad,7.99,TV,23,Oct 2007 - Mar 2008
mal_336,Haibane Renmei,7.99,TV,13,Oct 2002 - Dec 2002
mal_337,Hanada Shounen-shi,7.99,TV,25,Oct 2002 - Mar 2003
mal_338,Aria the OVA: Arietta,7.98,OVA,1,Sep 2007 - Sep 2007
mal_339,Black Clover: Mahou Tei no Ken,7.98,Movie,1,Jun 2023 - Jun 2023
mal_340,Boku no Hero Academia 3rd Season,7.98,TV,25,Apr 2018 - Sep 2018
mal_341,Bungou Stray Dogs Wan!,7.98,TV,12,Jan 2021 - Mar 2021
mal_342,Cheng He Titong,7.98,ONA,24,Jun 2024 - Oct 2024
mal_343,Dragon Ball,7.98,TV,153,Feb 1986 - Apr 1989
mal_344,ef: A Tale of Melodies.,7.98,TV,12,Oct 2008 - Dec 2008
mal_345,Eve no Jikan,7.98,ONA,6,Aug 2008 - Sep 2009
mal_346,Hachimitsu to Clover,7.98,TV,24,Apr 2005 - Sep 2005
mal_347,Kami nomi zo Shiru Sekai: Megami-hen,7.98,TV,12,Jul 2013 - Sep 2013
mal_348,Kara no Kyoukai Movie: Mirai Fukuin,7.98,Movie,1,Sep 2013 - Sep 2013
mal_349,Kimi ni Todoke 2nd Season,7.98,TV,12,Jan 2011 - Mar 2011
mal_350,"Komi-san wa, Comyushou desu. 2nd Season",7.98,TV,12,Apr 2022 - Jun 2022
mal_351,Touch,7.98,TV,101,Mar 1985 - Mar 1987
mal_352,Yuri!!! on Ice: Yuri Plisetsky GPF in Barcelona EX - Welcome to The Madness,7.98,Special,1,May 2017 - May 2017
mal_353,Zombieland Saga Revenge,7.98,TV,12,Apr 2021 - Jun 2021
mal_354,School Rumble Ni Gakki,7.97,TV,26,Apr 2006 - Sep 2006
mal_355,Shokugeki no Souma: San no Sara,7.97,TV,12,Oct 2017 - Dec 2017
mal_356,Tunshi Xingkong Movie: Xueluo Dalu,7.97,ONA,1,Dec 2024 - Dec 2024
mal_357,Vampire Hunter D (2000),7.97,Movie,1,Aug 2000 - Aug 2000
mal_358,Wan Sheng Jie,7.97,ONA,12,Apr 2020 - May 2020
mal_359,Wolf's Rain OVA,7.97,OVA,4,Jan 2004 - Feb 2004
mal_360,xxxHOLiC,7.97,TV,24,Apr 2006 - Sep 2006
mal_361,Aishang Ta de Liyou Extra,7.97,ONA,1,Feb 2024 - Feb 2024
mal_362,Akagami no Shirayuki-hime 2nd Season,7.97,TV,12,Jan 2016 - Mar 2016
mal_363,Durarara!!x2 Shou,7.97,TV,12,Jan 2015 - Mar 2015
mal_364,Fanren Xiu Xian Zhuan 2nd Season,7.97,ONA,51,Nov 2021 - Oct 2022
mal_365,Honzuki no Gekokujou: Shisho ni Naru Tame ni wa Shudan wo Erandeiraremasen,7.97,TV,14,Oct 2019 - Dec 2019
mal_366,Koukaku Kidoutai: Stand Alone Complex 2nd GIG - Individual Eleven,7.97,OVA,1,Jan 2006 - Jan 2006
mal_367,"Natsu e no Tunnel, Sayonara no Deguchi",7.97,Movie,1,Sep 2022 - Sep 2022
mal_368,IDOLiSH7 Vibrato,7.96,ONA,8,Feb 2018 - Mar 2019
mal_369,Kakushigoto,7.96,TV,12,Apr 2020 - Jun 2020
mal_370,Koukaku Kidoutai 2.0,7.96,Movie,1,Jul 2008 - Jul 2008
mal_371,Kurenai no Buta,7.96,Movie,1,Jul 1992 - Jul 1992
mal_372,ReLIFE,7.96,TV,13,Jul 2016 - Sep 2016
mal_373,Rurouni Kenshin: Meiji Kenkaku Romantan - Seisou-hen,7.96,OVA,2,Dec 2001 - Mar 2002
mal_374,Shingeki no Kyojin Season 2 Movie: Kakusei no Houkou,7.96,Movie,1,Jan 2018 - Jan 2018
mal_375,Youjo Senki,7.96,TV,12,Jan 2017 - Mar 2017
mal_376,Yuuki Yuuna wa Yuusha de Aru: Washio Sumi no Shou 3 - Yakusoku,7.96,Movie,1,Jul 2017 - Jul 2017
mal_377,Aria the Benedizione,7.96,Movie,1,Dec 2021 - Dec 2021
mal_378,Code Geass: Hangyaku no Lelouch III - Oudou,7.96,Movie,1,May 2018 - May 2018
mal_379,Durarara!!x2 Ten,7.96,TV,12,Jul 2015 - Sep 2015
mal_380,Gake no Ue no Ponyo,7.96,Movie,1,Jul 2008 - Jul 2008
mal_381,Hokuto no Ken,7.96,TV,109,Oct 1984 - Mar 1987
mal_382,Bishoujo Senshi Sailor Moon: Sailor Stars,7.95,TV,34,Mar 1996 - Feb 1997
mal_383,Eve no Jikan (Movie),7.95,Movie,1,Mar 2010 - Mar 2010
mal_384,Girls & Panzer: Saishuushou Part 1,7.95,Movie,1,Dec 2017 - Dec 2017
mal_385,High Score Girl: Extra Stage,7.95,OVA,3,Mar 2019 - Mar 2019
mal_386,Hyouge Mono,7.95,TV,39,Apr 2011 - Jan 2012
mal_387,Kidou Senshi Gundam Thunderbolt,7.95,ONA,4,Dec 2015 - Apr 2016
mal_388,Kidou Senshi Gundam Thunderbolt: December Sky,7.95,Movie,1,Jun 2016 - Jun 2016
mal_389,Mahou Shoujo Lyrical Nanoha A's,7.95,TV,13,Oct 2005 - Dec 2005
mal_390,Maoujou de Oyasumi,7.95,TV,12,Oct 2020 - Dec 2020
mal_391,My Melody & Kuromi,7.95,ONA,12,Jul 2025 - Jul 2025
mal_392,Ookiku Furikabutte: Natsu no Taikai-hen,7.95,TV,13,Apr 2010 - Jun 2010
mal_393,Rising Impact Season 2,7.95,ONA,14,Aug 2024 - Aug 2024
mal_394,Yi Nian Yong Heng,7.95,ONA,52,Aug 2020 - Jul 2021
mal_395,Yofukashi no Uta,7.95,TV,13,Jul 2022 - Sep 2022
mal_396,Sword Art Online: Progressive Movie - Hoshi Naki Yoru no Aria,7.94,Movie,1,Oct 2021 - Oct 2021
mal_397,Takarajima,7.94,TV,26,Oct 1978 - Apr 1979
mal_398,Tamon-kun Ima Docchi!?,7.94,TV,13,Jan 2026 -
mal_399,Tennis no Oujisama: Zenkoku Taikai-hen - Final,7.94,OVA,7,Apr 2008 - Jan 2009
mal_400,Working!!!,7.94,TV,13,Jul 2015 - Sep 2015
mal_401,Wotaku ni Koi wa Muzukashii OVA,7.94,OVA,3,Mar 2019 - Oct 2021
mal_402,Youkoso Jitsuryoku Shijou Shugi no Kyoushitsu e 3rd Season,7.94,TV,13,Jan 2024 - Mar 2024
mal_403,Zhu Xian 2nd Season,7.94,ONA,26,Mar 2024 - Aug 2024
mal_404,Aikatsu! 10th Story: Mirai e no Starway (2023),7.94,Movie,1,Jan 2023 - Jan 2023
mal_405,Aria the Origination: Sono Choppiri Himitsu no Basho ni...,7.94,Special,1,Jun 2008 - Jun 2008
mal_406,Benghuai: Xing Qiong Tiedao - Gelamo de Yujin,7.94,ONA,1,Jun 2024 - Jun 2024
mal_407,Densetsu Kyojin Ideon: Hatsudou-hen,7.94,Movie,1,Jul 1982 - Jul 1982
mal_408,Douluo Dalu,7.94,ONA,26,Jan 2018 - Jul 2018
mal_409,Fate/Grand Order: Zettai Majuu Sensen Babylonia,7.94,TV,21,Oct 2019 - Mar 2020
mal_410,High Score Girl II,7.94,TV,9,Oct 2019 - Dec 2019
mal_411,Jibaku Shounen Hanako-kun 2,7.94,TV,12,Jan 2025 - Mar 2025
mal_412,Kindaichi Shounen no Jikenbo,7.94,TV,148,Apr 1997 - Sep 2000
mal_413,Kobato.,7.94,TV,24,Oct 2009 - Mar 2010
mal_414,Kono Oto Tomare!,7.94,TV,13,Apr 2019 - Jun 2019
mal_415,Macross F Movie 2: Sayonara no Tsubasa,7.94,Movie,1,Feb 2011 - Feb 2011
mal_416,Major Movie: Yuujou no Winning Shot,7.94,Movie,1,Dec 2008 - Dec 2008
mal_417,Non Non Biyori,7.94,TV,12,Oct 2013 - Dec 2013
mal_418,Noragami,7.94,TV,12,Jan 2014 - Mar 2014
mal_419,IDOLiSH7 Movie: LIVE 4bit - BEYOND THE PERiOD,7.93,Movie,2,May 2023 - May 2023
mal_420,Kanon (2006),7.93,TV,24,Oct 2006 - Mar 2007
mal_421,Kizumonogatari: Koyomi Vamp,7.93,Movie,1,Jan 2024 - Jan 2024
mal_422,Macross: Do You Remember Love?,7.93,Movie,1,Jul 1984 - Jul 1984
mal_423,Nagi no Asu kara,7.93,TV,26,Oct 2013 - Apr 2014
mal_424,Sakasama no Patema,7.93,Movie,1,Nov 2013 - Nov 2013
mal_425,Shokugeki no Souma: San no Sara - Tootsuki Ressha-hen,7.93,TV,12,Apr 2018 - Jun 2018
mal_426,Tekkon Kinkreet,7.93,Movie,1,Dec 2006 - Dec 2006
mal_427,5-toubun no Hanayome∽,7.93,TV Special,2,Sep 2023 - Sep 2023
mal_428,Boku no Hero Academia the Movie 2: Heroes:Rising,7.93,Movie,1,Dec 2019 - Dec 2019
mal_429,Crayon Shin-chan Movie 09: Arashi wo Yobu Mouretsu! Otona Teikoku no Gyakushuu,7.93,Movie,1,Apr 2001 - Apr 2001
mal_430,Full Moon wo Sagashite,7.93,TV,52,Apr 2002 - Mar 2003
mal_431,Hidamari Sketch x Honeycomb,7.93,TV,12,Oct 2012 - Dec 2012
mal_432,"Clannad: Mou Hitotsu no Sekai, Tomoyo-hen",7.92,Special,1,Jul 2008 - Jul 2008
mal_433,Dead Dead Demons Dededede Destruction (ONA),7.92,ONA,17,May 2024 - Sep 2024
mal_434,Fanren Xiu Xian Zhuan: Xinghai Feichi Prologue,7.92,ONA,4,Jul 2023 - Aug 2023
mal_435,Fate/kaleid liner Prisma☆Illya Movie: Sekka no Chikai,7.92,Movie,1,Aug 2017 - Aug 2017
mal_436,Gochuumon wa Usagi desu ka? Bloom,7.92,TV,12,Oct 2020 - Dec 2020
mal_437,Hanma Baki: Son of Ogre 2nd Season,7.92,ONA,27,Jul 2023 - Aug 2023
mal_438,Hikaru no Go: Hokuto Hai e no Michi,7.92,Special,1,Jan 2004 - Jan 2004
mal_439,Initial D Third Stage,7.92,Movie,1,Jan 2001 - Jan 2001
mal_440,Les Misérables: Shoujo Cosette,7.92,TV,52,Jan 2007 - Dec 2007
mal_441,Mawaru Penguindrum,7.92,TV,24,Jul 2011 - Dec 2011
mal_442,Meitantei Conan Movie 27: 100-man Dollar no Michishirube,7.92,Movie,1,Apr 2024 - Apr 2024
mal_443,Nurarihyon no Mago: Sennen Makyou,7.92,TV,24,Jul 2011 - Dec 2011
mal_444,Osomatsu-san,7.92,TV,25,Oct 2015 - Mar 2016
mal_445,Touhai Densetsu Akagi: Yami ni Maiorita Tensai,7.92,TV,26,Oct 2005 - Mar 2006
mal_446,Uma Musume: Pretty Derby - Road to the Top (Movie),7.92,Movie,1,May 2024 - May 2024
mal_447,Usagi Drop Specials,7.92,Special,4,Oct 2011 - Jan 2012
mal_448,Wotaku ni Koi wa Muzukashii,7.92,TV,11,Apr 2018 - Jun 2018
mal_449,xxxHOLiC Movie: Manatsu no Yoru no Yume,7.92,Movie,1,Aug 2005 - Aug 2005
mal_450,Yowamushi Pedal,7.92,TV,38,Oct 2013 - Jul 2014
mal_451,Romantic Killer,7.91,ONA,12,Oct 2022 - Oct 2022
mal_452,Sakamoto Days Part 2,7.91,TV,11,Jul 2025 - Sep 2025
mal_453,Shen Yin Wangzuo Movie: Yi Lai Ke Si Chuanqi,7.91,ONA,1,Apr 2025 - Apr 2025
mal_454,Summer Ghost,7.91,Movie,1,Nov 2021 - Nov 2021
mal_455,Tamako Love Story,7.91,Movie,1,Apr 2014 - Apr 2014
mal_456,Tate no Yuusha no Nariagari,7.91,TV,25,Jan 2019 - Jun 2019
mal_457,Wu Dong Qian Kun 5th Season,7.91,ONA,12,Jan 2025 - Jan 2025
mal_458,Yakitate!! Japan,7.91,TV,69,Oct 2004 - Mar 2006
mal_459,Atarashii Joushi wa Do Tennen,7.91,TV,12,Oct 2023 - Dec 2023
mal_460,Berserk: Ougon Jidai-hen - Memorial Edition,7.91,TV,13,Oct 2022 - Dec 2022
mal_461,Bishoujo Senshi Sailor Moon S,7.91,TV,38,Mar 1994 - Feb 1995
mal_462,Bungou Stray Dogs: Dead Apple,7.91,Movie,1,Mar 2018 - Mar 2018
mal_463,Eyeshield 21,7.91,TV,145,Apr 2005 - Mar 2008
mal_464,Full Metal Panic! The Second Raid,7.91,TV,13,Jul 2005 - Oct 2005
mal_465,Hanamonogatari,7.91,TV Special,5,Aug 2014 - Aug 2014
mal_466,I Byeol-e Pil-yohan,7.91,ONA,1,May 2025 - May 2025
mal_467,Kimi to Boku. 2,7.91,TV,13,Apr 2012 - Jun 2012
mal_468,Kobayashi-san Chi no Maid Dragon,7.91,TV,13,Jan 2017 - Apr 2017
mal_469,Kokoro Connect: Michi Random,7.91,Special,4,Nov 2012 - Dec 2012
mal_470,Love Live! Superstar!!,7.91,TV,12,Jul 2021 - Oct 2021
mal_471,Love Live! The School Idol Movie,7.91,Movie,1,Jun 2015 - Jun 2015
mal_472,Mahoutsukai no Yome Season 2 Part 2,7.91,TV,12,Oct 2023 - Dec 2023
mal_473,Nekomonogatari: Kuro,7.91,TV Special,4,Dec 2012 - Dec 2012
mal_474,New Panty & Stocking with Garterbelt,7.91,TV,13,Jul 2025 - Sep 2025
mal_475,Niehime to Kemono no Ou,7.91,TV,24,Apr 2023 - Sep 2023
mal_476,One Piece Film: Strong World Episode 0,7.91,OVA,1,Apr 2010 - Apr 2010
mal_477,Overlord III,7.91,TV,13,Jul 2018 - Oct 2018
mal_478,Phantom: Requiem for the Phantom,7.91,TV,26,Apr 2009 - Sep 2009
mal_479,Plastic Memories,7.91,TV,13,Apr 2015 - Jun 2015
mal_480,Ie Naki Ko,7.90,TV,51,Oct 1977 - Oct 1978
mal_481,Ie Naki Ko Remy,7.90,TV,23,Sep 1996 - Mar 1997
mal_482,Kaleido Star,7.90,TV,51,Apr 2003 - Mar 2004
mal_483,Karigurashi no Arrietty,7.90,Movie,1,Jul 2010 - Jul 2010
mal_484,Kidou Senshi Zeta Gundam,7.90,TV,50,Mar 1985 - Feb 1986
mal_485,Kimi no Koto ga Daidaidaidaidaisuki na 100-nin no Kanojo 2nd Season,7.90,TV,12,Jan 2025 - Mar 2025
mal_486,Log Horizon,7.90,TV,25,Oct 2013 - Mar 2014
mal_487,Meitantei Conan OVA 09: 10-nengo no Stranger,7.90,OVA,1,Jun 2009 - Jun 2009
mal_488,One Piece: Gyojin Tou-hen,7.90,TV,21,Nov 2024 - Mar 2025
mal_489,Overlord,7.90,TV,13,Jul 2015 - Sep 2015
mal_490,Quanzhi Gaoshou 2,7.90,ONA,12,Sep 2020 - Dec 2020
mal_491,Rock wa Lady no Tashinami deshite,7.90,TV,13,Apr 2025 - Jun 2025
mal_492,Trigun: Badlands Rumble,7.90,Movie,1,Apr 2010 - Apr 2010
mal_493,Vanitas no Karte,7.90,TV,12,Jul 2021 - Sep 2021
mal_494,Yuri!!! on Ice,7.90,TV,12,Oct 2016 - Dec 2016
mal_495,Yuru Yuri San☆Hai!,7.90,TV,12,Oct 2015 - Dec 2015
mal_496,Cike Wu Liuqi,7.90,ONA,10,Apr 2018 - Jun 2018
mal_497,City Hunter,7.90,TV,51,Apr 1987 - Mar 1988
mal_498,Code Geass: Fukkatsu no Lelouch,7.90,Movie,1,Feb 2019 - Feb 2019
mal_499,Darker than Black: Kuro no Keiyakusha Gaiden,7.90,Special,4,Jan 2010 - Jul 2010
mal_500,Date A Live II: Kurumi Star Festival,7.90,OVA,1,Dec 2014 - Dec 2014
mal_501,Ergo Proxy,7.90,TV,23,Feb 2006 - Aug 2006
mal_502,Gakuen Babysitters,7.90,TV,12,Jan 2018 - Mar 2018
mal_503,Ginga Tokkyuu Milky☆Subway,7.90,TV,12,Jul 2025 - Sep 2025
mal_504,Hidamari Sketch x ☆☆☆,7.90,TV,12,Jan 2010 - Mar 2010
mal_505,BanG Dream! Film Live 2nd Stage,7.89,Movie,1,Aug 2021 - Aug 2021
mal_506,Dungeon ni Deai wo Motomeru no wa Machigatteiru Darou ka V: Houjou no Megami-hen,7.89,TV,15,Oct 2024 - Mar 2025
mal_507,Ginga Sengoku Gunyuuden Rai,7.89,TV,52,Apr 1994 - Mar 1995
mal_508,Hanasaku Iroha,7.89,TV,26,Apr 2011 - Sep 2011
mal_509,Kuuchuu Buranko,7.89,TV,11,Oct 2009 - Dec 2009
mal_510,Love Live! Superstar!! 3rd Season,7.89,TV,12,Oct 2024 - Dec 2024
mal_511,Lupin III (2015),7.89,TV,24,Oct 2015 - Mar 2016
mal_512,Ore Monogatari!!,7.89,TV,24,Apr 2015 - Sep 2015
mal_513,Promare,7.89,Movie,1,May 2019 - May 2019
mal_514,Shingeki no Kyojin OVA,7.89,OVA,3,Dec 2013 - Aug 2014
mal_515,Shirokuma Cafe,7.89,TV,50,Apr 2012 - Mar 2013
mal_516,SKET Dance: Imouto no Nayami ni Nayamu Ani ni Nayamu Imouto to Sono Nakama-tachi,7.89,OVA,1,Feb 2013 - Feb 2013
mal_517,Space☆Dandy,7.89,TV,13,Jan 2014 - Mar 2014
mal_518,Zoku Sayonara Zetsubou Sensei,7.89,TV,13,Jan 2008 - Mar 2008
mal_519,Sakigake!! Cromartie Koukou,7.88,TV,26,Oct 2003 - Mar 2004
mal_520,School Rumble,7.88,TV,26,Oct 2004 - Mar 2005
mal_521,Ushio to Tora (TV) 2nd Season,7.88,TV,13,Apr 2016 - Jun 2016
mal_522,Wu Dong Qian Kun 4th Season,7.88,ONA,12,Nov 2023 - Dec 2023
mal_523,Xingchen Bian 6th Season,7.88,ONA,28,Jan 2025 - Jul 2025
mal_524,Yagate Kimi ni Naru,7.88,TV,13,Oct 2018 - Dec 2018
mal_525,Zetsuen no Tempest,7.88,TV,24,Oct 2012 - Mar 2013
mal_526,Aria the Avvenire,7.88,Special,3,Sep 2015 - Sep 2015
mal_527,Code Geass: Hangyaku no Lelouch I - Koudou,7.88,Movie,1,Oct 2017 - Oct 2017
mal_528,Doraemon (1979),7.88,TV,1787,Apr 1979 - Mar 2005
mal_529,Doupo Cangqiong 3rd Season,7.88,ONA,12,Jul 2019 - Sep 2019
mal_530,Drifters,7.88,TV,12,Oct 2016 - Dec 2016
mal_531,Final Fantasy VII: Advent Children Complete,7.88,OVA,1,Apr 2009 - Apr 2009
mal_532,Golden Kamuy,7.88,TV,12,Apr 2018 - Jun 2018
mal_533,Hoozuki no Reitetsu 2nd Season,7.88,TV,13,Oct 2017 - Dec 2017
mal_534,Jormungand: Perfect Order,7.88,TV,12,Oct 2012 - Dec 2012
mal_535,Kidou Senshi Gundam: Suisei no Majo Season 2,7.88,TV,12,Apr 2023 - Jul 2023
mal_536,Macross,7.88,TV,36,Oct 1982 - Jun 1983
mal_537,Macross F,7.88,TV,25,Apr 2008 - Sep 2008
mal_538,Meitantei Conan Movie 02: 14-banme no Target,7.88,Movie,1,Apr 1998 - Apr 1998
mal_539,New Initial D Movie: Legend 3 - Mugen,7.88,Movie,1,Feb 2016 - Feb 2016
mal_540,Osomatsu-san Movie,7.88,Movie,1,Mar 2019 - Mar 2019
mal_541,Paradise Kiss,7.88,TV,12,Oct 2005 - Dec 2005
mal_542,InuYasha,7.87,TV,167,Oct 2000 - Sep 2004
mal_543,Jigoku Shoujo Futakomori,7.87,TV,26,Oct 2006 - Apr 2007
mal_544,JoJo no Kimyou na Bouken (TV),7.87,TV,26,Oct 2012 - Apr 2013
mal_545,K-On!,7.87,TV,13,Apr 2009 - Jun 2009
mal_546,Kidou Senshi Gundam: Suisei no Majo - Prologue,7.87,Special,1,Jul 2022 - Jul 2022
mal_547,Kingdom,7.87,TV,38,Jun 2012 - Feb 2013
mal_548,Megalo Box,7.87,TV,13,Apr 2018 - Jun 2018
mal_549,Non Non Biyori Repeat: Hotaru ga Tanoshinda,7.87,OVA,1,Sep 2016 - Sep 2016
mal_550,Oniisama e...,7.87,TV,39,Jul 1991 - May 1992
mal_551,Kingdom 5th Season,8.73,TV,13,Jan 2024 - Mar 2024
mal_552,One Piece,8.73,TV,?,Oct 1999 -
mal_553,Kaguya-sama wa Kokurasetai: First Kiss wa Owaranai,8.72,Movie,1,Dec 2022 - Dec 2022
mal_554,Mushishi Zoku Shou 2nd Season,8.72,TV,10,Oct 2014 - Dec 2014
mal_555,86 Part 2,8.72,TV,12,Oct 2021 - Mar 2022
mal_556,Hibike! Euphonium 3,8.72,TV,13,Apr 2024 - Jun 2024
mal_557,Chi. Chikyuu no Undou ni Tsuite,8.71,TV,25,Oct 2024 - Mar 2025
mal_558,Code Geass: Hangyaku no Lelouch,8.71,TV,25,Oct 2006 - Jul 2007
mal_559,Shiguang Dailiren,8.71,ONA,11,Apr 2021 - Jul 2021
mal_560,The First Slam Dunk,8.71,Movie,1,Dec 2022 - Dec 2022
mal_561,Jujutsu Kaisen 2nd Season,8.71,TV,23,Jul 2023 - Dec 2023
mal_562,Kingdom 6th Season,8.71,TV,13,Oct 2025 - Dec 2025
mal_563,Mob Psycho 100 III,8.71,TV,12,Oct 2022 - Dec 2022
mal_564,Kimetsu no Yaiba: Yuukaku-hen,8.70,TV,11,Dec 2021 - Feb 2022
mal_565,Bleach: Sennen Kessen-hen - Ketsubetsu-tan,8.70,TV,13,Jul 2023 - Sep 2023
mal_566,Boku no Kokoro no Yabai Yatsu 2nd Season,8.70,TV,13,Jan 2024 - Mar 2024
mal_567,Shouwa Genroku Rakugo Shinjuu: Sukeroku Futatabi-hen,8.70,TV,12,Jan 2017 - Mar 2017
mal_568,Tu Bian Yingxiong X,8.70,ONA,24,Apr 2025 - Sep 2025
mal_569,Rurouni Kenshin: Meiji Kenkaku Romantan - Tsuioku-hen,8.69,OVA,4,Feb 1999 - Sep 1999
mal_570,Violet Evergarden,8.69,TV,13,Jan 2018 - Apr 2018
mal_571,Kimetsu no Yaiba Movie 1: Mugenjou-hen - Akaza Sairai,8.68,Movie,1,Jul 2025 - Jul 2025
mal_572,Mushishi Zoku Shou,8.68,TV,10,Apr 2014 - Jun 2014
mal_573,Great Teacher Onizuka,8.68,TV,43,Jun 1999 - Sep 2000
mal_574,Bleach: Sennen Kessen-hen - Soukoku-tan,8.67,TV,14,Oct 2024 - Dec 2024
mal_575,Hajime no Ippo: New Challenger,8.67,TV,26,Jan 2009 - Jul 2009
mal_576,Howl no Ugoku Shiro,8.67,Movie,1,Nov 2004 - Nov 2004
mal_577,Uma Musume: Cinderella Gray Part 2,8.67,TV,10,Oct 2025 - Dec 2025
mal_578,Mo Dao Zu Shi: Wanjie Pian,8.67,ONA,12,Aug 2021 - Oct 2021
mal_579,Mononoke Hime,8.67,Movie,1,Jul 1997 - Jul 1997
mal_580,Monogatari Series: Off & Monster Season,8.65,ONA,14,Jul 2024 - Oct 2024
mal_581,Mushishi,8.65,TV,26,Oct 2005 - Jun 2006
mal_582,Uma Musume: Pretty Derby - Shin Jidai no Tobira,8.65,Movie,1,May 2024 - May 2024
mal_583,Shigatsu wa Kimi no Uso,8.64,TV,22,Oct 2014 - Mar 2015
mal_584,Shiguang Dailiren II,8.64,ONA,12,Jul 2023 - Sep 2023
mal_585,Shingeki no Kyojin Season 3,8.64,TV,12,Jul 2018 - Oct 2018
mal_586,Tengen Toppa Gurren Lagann,8.64,TV,27,Apr 2007 - Sep 2007
mal_587,Tian Guan Cifu Er,8.64,ONA,12,Oct 2023 - Jan 2024
mal_588,Fate/stay night Movie: Heaven's Feel - III. Spring Song,8.64,Movie,1,Aug 2020 - Aug 2020
mal_589,Made in Abyss,8.63,TV,13,Jul 2017 - Sep 2017
mal_590,Natsume Yuujinchou Shi,8.63,TV,13,Jan 2012 - Mar 2012
mal_591,Odd Taxi,8.63,TV,13,Apr 2021 - Jun 2021
mal_592,Ping Pong the Animation,8.63,TV,11,Apr 2014 - Jun 2014
mal_593,Jujutsu Kaisen: Shimetsu Kaiyuu - Zenpen,8.62,TV,12,Jan 2026 -
mal_594,Kaguya-sama wa Kokurasetai? Tensai-tachi no Renai Zunousen,8.62,TV,12,Apr 2020 - Jun 2020
mal_595,Look Back,8.62,Movie,1,Jun 2024 - Jun 2024
mal_596,Cyberpunk: Edgerunners,8.62,ONA,10,Sep 2022 - Sep 2022
mal_597,Death Note,8.62,TV,37,Oct 2006 - Jun 2007
mal_598,Guimi Zhi Zhu: Xiaochou Pian,8.62,ONA,13,Jun 2025 - Aug 2025
mal_599,Haikyuu!! Second Season,8.62,TV,25,Oct 2015 - Mar 2016
mal_600,Bungou Stray Dogs 5th Season,8.61,TV,11,Jul 2023 - Sep 2023
mal_601,Ookiku Furikabutte,7.87,TV,25,Apr 2007 - Sep 2007
mal_602,Saiunkoku Monogatari,7.87,TV,39,Apr 2006 - Feb 2007
mal_603,Shijou Saikyou no Deshi Kenichi OVA,7.87,OVA,11,Mar 2012 - May 2014
mal_604,Shingeki no Kyojin Movie 1: Guren no Yumiya,7.87,Movie,1,Nov 2014 - Nov 2014
mal_605,Tennis no Oujisama: Zenkoku Taikai-hen,7.87,OVA,13,Mar 2006 - Mar 2007
mal_606,Wu Dong Qian Kun 3rd Season,7.87,ONA,12,May 2022 - Jul 2022
mal_607,Yuanshen: Weixing Zhi Lu,7.87,ONA,1,May 2024 - May 2024
mal_608,Yuzuki-san Chi no Yonkyoudai.,7.87,TV,12,Oct 2023 - Dec 2023
mal_609,Anne Shirley,7.87,TV,24,Apr 2025 - Sep 2025
mal_610,Berserk: Ougon Jidai-hen II - Doldrey Kouryaku,7.87,Movie,1,Jun 2012 - Jun 2012
mal_611,Carnival Phantasm,7.87,OVA,12,Aug 2011 - Dec 2011
mal_612,Death Billiards,7.87,Movie,1,Mar 2013 - Mar 2013
mal_613,Free! Eternal Summer: Kindan no All Hard!,7.87,Special,1,Mar 2015 - Mar 2015
mal_614,Heartcatch Precure!,7.87,TV,49,Feb 2010 - Jan 2011
mal_615,Hibike! Euphonium Movie 2: Todoketai Melody,7.87,Movie,1,Sep 2017 - Sep 2017
mal_616,Higurashi no Naku Koro ni,7.87,TV,26,Apr 2006 - Sep 2006
mal_617,Akage no Anne,7.86,TV,50,Jan 1979 - Dec 1979
mal_618,BanG Dream! Movie: Poppin' Dream!,7.86,Movie,1,Jan 2022 - Jan 2022
mal_619,Boku no Hero Academia 4th Season,7.86,TV,25,Oct 2019 - Apr 2020
mal_620,ef: A Tale of Memories.,7.86,TV,12,Oct 2007 - Dec 2007
mal_621,Kami nomi zo Shiru Sekai II,7.86,TV,12,Apr 2011 - Jun 2011
mal_622,Kuroshitsuji: Kishuku Gakkou-hen,7.86,TV,11,Apr 2024 - Jun 2024
mal_623,Liang Bu Yi 2nd Season,7.86,ONA,24,Oct 2022 - Apr 2023
mal_624,Lupin the IIIrd: Chikemuri no Ishikawa Goemon,7.86,Movie,1,Feb 2017 - Feb 2017
mal_625,Madogiwa no Totto-chan,7.86,Movie,1,Dec 2023 - Dec 2023
mal_626,Magic Kaito 1412,7.86,TV,24,Oct 2014 - Mar 2015
mal_627,Mahou Shoujo Lyrical Nanoha: The Movie 1st,7.86,Movie,1,Jan 2010 - Jan 2010
mal_628,Meitantei Conan Movie 01: Tokei Jikake no Matenrou,7.86,Movie,1,Apr 1997 - Apr 1997
mal_629,Meitantei Conan Movie 23: Konjou no Fist,7.86,Movie,1,Apr 2019 - Apr 2019
mal_630,One Piece Film: Gold,7.86,Movie,1,Jul 2016 - Jul 2016
mal_631,Ookami to Koushinryou II: Ookami to Kohakuiro no Yuuutsu,7.86,OVA,1,Apr 2009 - Apr 2009
mal_632,Tennis no Oujisama: Zenkoku Taikai-hen - Semifinal,7.86,OVA,6,Jun 2007 - Jan 2008
mal_633,Wanmei Shijie,7.86,ONA,286,Apr 2021 -
mal_634,Zan Sayonara Zetsubou Sensei,7.86,TV,13,Jul 2009 - Sep 2009
mal_635,Quanzhi Gaoshou,7.85,ONA,12,Apr 2017 - Jun 2017
mal_636,Soul Eater,7.85,TV,51,Apr 2008 - Mar 2009
mal_637,Terra e... (TV),7.85,TV,24,Apr 2007 - Sep 2007
mal_638,Top wo Nerae! Gunbuster,7.85,OVA,6,Oct 1988 - Jul 1989
mal_639,Tsue to Tsurugi no Wistoria,7.85,TV,12,Jul 2024 - Sep 2024
mal_640,Undead Girl Murder Farce,7.85,TV,13,Jul 2023 - Sep 2023
mal_641,Urusei Yatsura 2: Beautiful Dreamer,7.85,Movie,1,Feb 1984 - Feb 1984
mal_642,Wu Dong Qian Kun 6th Season,7.85,ONA,12,Nov 2025 - Dec 2025
mal_643,Wu Shan Wu Xing (2020),7.85,ONA,3,Jul 2020 - Aug 2020
mal_644,You Shou Yan 3rd Season,7.85,ONA,12,May 2024 - Jul 2024
mal_645,Yume-iro Pâtissière,7.85,TV,50,Oct 2009 - Sep 2010
mal_646,Aishang Ta de Liyou,7.85,ONA,22,Apr 2023 - Jun 2023
mal_647,Cool Doji Danshi,7.85,TV,24,Oct 2022 - Mar 2023
mal_648,Ginga Eiyuu Densetsu: Waga Yuku wa Hoshi no Taikai,7.85,Movie,1,Feb 1988 - Feb 1988
mal_649,High☆Speed! Movie: Free! Starting Days,7.85,Movie,1,Dec 2015 - Dec 2015
mal_650,Hoozuki no Reitetsu 2nd Season: Sono Ni,7.85,TV,13,Apr 2018 - Jul 2018
mal_651,Hug tto! Precure,7.85,TV,49,Feb 2018 - Jan 2019
mal_652,K-On!!: Keikaku!,7.85,Special,1,Mar 2011 - Mar 2011
mal_653,K-On!: Live House!,7.85,Special,1,Jan 2010 - Jan 2010
mal_654,Kotonoha no Niwa,7.85,Movie,1,May 2013 - May 2013
mal_655,Lupin III vs. Meitantei Conan: The Movie,7.85,Movie,1,Dec 2013 - Dec 2013
mal_656,Meitantei Conan Movie 22: Zero no Shikkounin,7.85,Movie,1,Apr 2018 - Apr 2018
mal_657,One Piece: Episode of East Blue - Luffy to 4-nin no Nakama no Daibouken,7.85,TV Special,1,Aug 2017 - Aug 2017
mal_658,Otonari no Tenshi-sama ni Itsunomanika Dame Ningen ni Sareteita Ken,7.85,TV,12,Jan 2023 - Mar 2023
mal_659,Kidou Senshi Gundam: Suisei no Majo,7.84,TV,12,Oct 2022 - Jan 2023
mal_660,Machikado Mazoku: 2-choume,7.84,TV,12,Apr 2022 - Jul 2022
mal_661,Musekinin Kanchou Tylor,7.84,TV,26,Jan 1993 - Jul 1993
mal_662,Noragami Aragoto OVA,7.84,OVA,2,Nov 2015 - Mar 2016
mal_663,Ojamajo Doremi Na-i-sho,7.84,OVA,13,Jun 2004 - Dec 2004
mal_664,One Piece 3D2Y: Ace no Shi wo Koete! Luffy Nakama to no Chikai,7.84,TV Special,1,Aug 2014 - Aug 2014
mal_665,Owarimonogatari 2nd Season Recaps,7.84,TV Special,2,Aug 2017 - Aug 2017
mal_666,Sayonara Zetsubou Sensei,7.84,TV,12,Jul 2007 - Sep 2007
mal_667,Seitokai Yakuindomo* OVA,7.84,OVA,10,May 2014 - Sep 2020
mal_668,Sekaiichi Hatsukoi OVA,7.84,OVA,2,Mar 2011 - Sep 2011
mal_669,Sonny Boy,7.84,TV,12,Jul 2021 - Oct 2021
mal_670,Tennis no Oujisama,7.84,TV,178,Oct 2001 - Mar 2005
mal_671,Tonikaku Kawaii,7.84,TV,12,Oct 2020 - Dec 2020
mal_672,Tsuki ga Michibiku Isekai Douchuu 2nd Season,7.84,TV,25,Jan 2024 - Jun 2024
mal_673,Yuru Yuri Nachuyachumi!,7.84,OVA,1,Feb 2015 - Feb 2015
mal_674,Yuusha-Ou GaoGaiGar,7.84,TV,49,Feb 1997 - Jan 1998
mal_675,Beelzebub,7.84,TV,60,Jan 2011 - Mar 2012
mal_676,Carole & Tuesday,7.84,TV,24,Apr 2019 - Oct 2019
mal_677,Dark Gathering,7.84,TV,25,Jul 2023 - Dec 2023
mal_678,Free! Movie 5: The Final Stroke - Kouhen,7.84,Movie,1,Apr 2022 - Apr 2022
mal_679,Haikyuu!! Riku vs. Kuu,7.84,OVA,2,Jan 2020 - Jan 2020
mal_680,Ano Hi Mita Hana no Namae wo Bokutachi wa Mada Shiranai. Movie,7.83,Movie,1,Aug 2013 - Aug 2013
mal_681,Boku no Hero Academia,7.83,TV,13,Apr 2016 - Jun 2016
mal_682,Durarara!! Specials,7.83,Special,2,Aug 2010 - Feb 2011
mal_683,Go! Princess Precure,7.83,TV,50,Feb 2015 - Jan 2016
mal_684,Hanasaku Iroha Movie: Home Sweet Home,7.83,Movie,1,Mar 2013 - Mar 2013
mal_685,Hidamari Sketch x 365,7.83,TV,13,Jul 2008 - Sep 2008
mal_686,Hoozuki no Reitetsu OVA,7.83,OVA,4,Feb 2015 - Mar 2017
mal_687,Kaleido Star: Legend of Phoenix - Layla Hamilton Monogatari,7.83,OVA,1,Dec 2005 - Dec 2005
mal_688,Kono Subarashii Sekai ni Shukufuku wo!: Kono Subarashii Choker ni Shukufuku wo!,7.83,OVA,1,Jun 2016 - Jun 2016
mal_689,Kuroko no Basket Movie 3: Winter Cup - Tobira no Mukou,7.83,Movie,1,Dec 2016 - Dec 2016
mal_690,Magi: Sinbad no Bouken (TV),7.83,TV,13,Apr 2016 - Jul 2016
mal_691,Mairimashita! Iruma-kun 3rd Season,7.83,TV,21,Oct 2022 - Mar 2023
mal_692,Michiko to Hatchin,7.83,TV,22,Oct 2008 - Mar 2009
mal_693,Seihou Bukyou Outlaw Star,7.83,TV,24,Jan 1998 - Jun 1998
mal_694,Sekaiichi Hatsukoi Movie: Yokozawa Takafumi no Baai,7.83,Movie,1,Mar 2014 - Mar 2014
mal_695,Shingeki no Kyojin: Chronicle,7.83,Movie,1,Jul 2020 - Jul 2020
mal_696,Shingeki no Kyojin: Lost Girls,7.83,OVA,3,Dec 2017 - Aug 2018
mal_697,Tentai Senshi Sunred 2nd Season,7.83,TV,26,Oct 2009 - Mar 2010
mal_698,Tokyo Revengers,7.83,TV,24,Apr 2021 - Sep 2021
mal_699,Tteotda Keunyeo!!,7.83,ONA,5,Apr 2003 - Dec 2008
mal_700,Urusei Yatsura (2022) 2nd Season,7.83,TV,23,Jan 2024 - Jun 2024
mal_701,Wan Sheng Jie 4,7.83,ONA,12,Jul 2023 - Jul 2023
mal_702,Youkoso Jitsuryoku Shijou Shugi no Kyoushitsu e,7.83,TV,12,Jul 2017 - Sep 2017
mal_703,Zhu Xian 3rd Season,7.83,ONA,26,Jun 2025 - Oct 2025
mal_704,Seitokai Yakuindomo Movie,7.82,Movie,1,Jul 2017 - Jul 2017
mal_705,SK∞ OVA: Extra Part,7.82,OVA,1,Mar 2025 - Mar 2025
mal_706,Suzumiya Haruhi no Yuuutsu,7.82,TV,14,Apr 2006 - Jul 2006
mal_707,Tiger & Bunny,7.82,TV,25,Apr 2011 - Sep 2011
mal_708,Trigun Stampede,7.82,TV,12,Jan 2023 - Mar 2023
mal_709,Uchouten Kazoku,7.82,TV,13,Jul 2013 - Sep 2013
mal_710,91 Days,7.82,TV,12,Jul 2016 - Oct 2016
mal_711,Akachan to Boku,7.82,TV,35,Jul 1996 - Mar 1997
mal_712,Beastars Final Season,7.82,ONA,12,Dec 2024 - Dec 2024
mal_713,Bishoujo Senshi Sailor Moon Cosmos Movie,7.82,Movie,2,Jun 2023 - Jun 2023
mal_714,Capeta,7.82,TV,52,Oct 2005 - Sep 2006
mal_715,Clevatess: Majuu no Ou to Akago to Shikabane no Yuusha,7.82,TV,12,Jul 2025 - Sep 2025
mal_716,Danshi Koukousei no Nichijou Specials,7.82,Special,6,Apr 2012 - Sep 2012
mal_717,Dragon Ball Z Special 2: Zetsubou e no Hankou!! Nokosareta Chousenshi - Gohan to Trunks,7.82,TV Special,1,Feb 1993 - Feb 1993
mal_718,Enen no Shouboutai: Ni no Shou,7.82,TV,24,Jul 2020 - Dec 2020
mal_719,Giji Harem,7.82,TV,12,Jul 2024 - Sep 2024
mal_720,Jian Lai,7.82,ONA,26,Aug 2024 - Dec 2024
mal_721,Jibaku Shounen Hanako-kun,7.82,TV,12,Jan 2020 - Mar 2020
mal_722,Kengan Ashura Season 2 Part 2,7.82,ONA,16,Aug 2024 - Aug 2024
mal_723,Kidou Senshi Gundam: Senkou no Hathaway,7.82,Movie,1,Jun 2021 - Jun 2021
mal_724,New Initial D Movie: Legend 2 - Tousou,7.82,Movie,1,May 2015 - May 2015
mal_725,Oomuro-ke: Dear Sisters,7.82,Movie,1,Feb 2024 - Feb 2024
mal_726,Id:Invaded,7.81,TV,13,Jan 2020 - Mar 2020
mal_727,Kara no Kyoukai Movie 4: Garan no Dou,7.81,Movie,1,May 2008 - May 2008
mal_728,MF Ghost 2nd Season,7.81,TV,12,Oct 2024 - Dec 2024
mal_729,Nitian Xie Shen,7.81,ONA,30,Sep 2023 - Mar 2024
mal_730,One Piece Film: Red,7.81,Movie,1,Aug 2022 - Aug 2022
mal_731,Pokemon XY&Z,7.81,TV,47,Oct 2015 - Oct 2016
mal_732,Shadows House,7.81,TV,13,Apr 2021 - Jul 2021
mal_733,Shiguang Dailiren Fanwai Pian: Biwu Zhaoqin,7.81,ONA,1,May 2021 - May 2021
mal_734,Somali to Mori no Kamisama,7.81,TV,12,Jan 2020 - Mar 2020
mal_735,Tasogare Otome x Amnesia,7.81,TV,12,Apr 2012 - Jun 2012
mal_736,Tokyo Revengers: Tenjiku-hen,7.81,TV,13,Oct 2023 - Dec 2023
mal_737,Umibe no Étranger,7.81,Movie,1,Sep 2020 - Sep 2020
mal_738,Working'!!,7.81,TV,13,Oct 2011 - Dec 2011
mal_739,Yuukoku no Moriarty OVA,7.81,OVA,2,Apr 2022 - Apr 2022
mal_740,5-toubun no Hanayome Movie,7.81,Movie,1,May 2022 - May 2022
mal_741,Arknights: Rise from Ember,7.81,TV,10,Jul 2025 - Sep 2025
mal_742,Break Blade Movie 4: Sanka no Chi,7.81,Movie,1,Oct 2010 - Oct 2010
mal_743,Crayon Shin-chan,7.81,TV,?,Apr 1992 -
mal_744,Digimon Adventure: Bokura no War Game!,7.81,Movie,1,Mar 2000 - Mar 2000
mal_745,Gekkan Shoujo Nozaki-kun,7.81,TV,12,Jul 2014 - Sep 2014
mal_746,Grisaia no Meikyuu: Caprice no Mayu 0,7.81,TV Special,1,Apr 2015 - Apr 2015
mal_747,Gungrave,7.81,TV,26,Oct 2003 - Mar 2004
mal_748,Haikyuu!! (OVA),7.81,OVA,10,Mar 2020 - Mar 2020
mal_749,Hidamari Sketch x ☆☆☆ Specials,7.81,TV Special,2,Oct 2010 - Oct 2010
mal_750,Bungou Stray Dogs,7.80,TV,12,Apr 2016 - Jun 2016
mal_751,Haikyuu!! Movie: Gomisuteba no Kessen,8.61,Movie,1,Feb 2024 - Feb 2024
mal_752,Hajime no Ippo: Rising,8.61,TV,25,Oct 2013 - Mar 2014
mal_753,Kenpuu Denki Berserk,8.61,TV,25,Oct 1997 - Apr 1998
mal_754,Luo Xiaohei Zhanji 2,8.61,Movie,1,Jul 2025 - Jul 2025
mal_755,Mushoku Tensei: Isekai Ittara Honki Dasu Part 2,8.61,TV,12,Oct 2021 - Dec 2021
mal_756,Natsume Yuujinchou Roku,8.61,TV,11,Apr 2017 - Jun 2017
mal_757,Made in Abyss Movie 3: Fukaki Tamashii no Reimei,8.60,Movie,1,Jan 2020 - Jan 2020
mal_758,Made in Abyss: Retsujitsu no Ougonkyou,8.60,TV,12,Jul 2022 - Sep 2022
mal_759,Tengen Toppa Gurren Lagann Movie 2: Lagann-hen,8.60,Movie,1,Apr 2009 - Apr 2009
mal_760,Seishun Buta Yarou wa Yumemiru Shoujo no Yume wo Minai,8.59,Movie,1,Jun 2019 - Jun 2019
mal_761,Suzumiya Haruhi no Shoushitsu,8.59,Movie,1,Feb 2010 - Feb 2010
mal_762,Dungeon Meshi,8.59,TV,24,Jan 2024 - Jun 2024
mal_763,JoJo no Kimyou na Bouken Part 5: Ougon no Kaze,8.58,TV,39,Oct 2018 - Jul 2019
mal_764,Mushishi Zoku Shou: Suzu no Shizuku,8.58,Movie,1,May 2015 - May 2015
mal_765,Ore dake Level Up na Ken Season 2: Arise from the Shadow,8.58,TV,13,Jan 2025 - Mar 2025
mal_766,Shin Evangelion Movie:||,8.58,Movie,1,Mar 2021 - Mar 2021
mal_767,Shingeki no Kyojin,8.57,TV,25,Apr 2013 - Sep 2013
mal_768,"Shinseiki Evangelion Movie: Air/Magokoro wo, Kimi ni",8.57,Movie,1,Jul 1997 - Jul 1997
mal_769,Uma Musume: Cinderella Gray,8.57,TV,13,Apr 2025 - Jun 2025
mal_770,Kaoru Hana wa Rin to Saku,8.57,TV,13,Jul 2025 - Sep 2025
mal_771,Nana,8.57,TV,47,Apr 2006 - Mar 2007
mal_772,Natsume Yuujinchou Shichi,8.57,TV,12,Oct 2024 - Dec 2024
mal_773,Kaguya-sama wa Kokurasetai: Otona e no Kaidan,8.56,TV Special,1,Dec 2025 - Dec 2025
mal_774,Kizumonogatari II: Nekketsu-hen,8.56,Movie,1,Aug 2016 - Aug 2016
mal_775,Natsume Yuujinchou Go,8.56,TV,11,Oct 2016 - Dec 2016
mal_776,Natsume Yuujinchou San,8.56,TV,13,Jul 2011 - Sep 2011
mal_777,Ookami Kodomo no Ame to Yuki,8.56,Movie,1,Jul 2012 - Jul 2012
mal_778,Prism Rondo,8.56,ONA,20,Jan 2026 - Jan 2026
mal_779,Haikyuu!! To the Top Part 2,8.56,TV,12,Oct 2020 - Dec 2020
mal_780,Doupo Cangqiong: San Nian Zhi Yue,8.55,ONA,13,Oct 2021 - Jan 2022
mal_781,Kimi no Suizou wo Tabetai,8.55,Movie,1,Sep 2018 - Sep 2018
mal_782,Perfect Blue,8.55,Movie,1,Feb 1998 - Feb 1998
mal_783,Slam Dunk,8.55,TV,101,Oct 1993 - Mar 1996
mal_784,Steins;Gate 0,8.55,TV,23,Apr 2018 - Sep 2018
mal_785,Yojouhan Shinwa Taikei,8.55,TV,11,Apr 2010 - Jul 2010
mal_786,Shingeki no Kyojin Season 2,8.54,TV,12,Apr 2017 - Jun 2017
mal_787,Shouwa Genroku Rakugo Shinjuu,8.54,TV,13,Jan 2016 - Apr 2016
mal_788,[Oshi no Ko],8.54,TV,11,Apr 2023 - Jun 2023
mal_789,Fate/Zero 2nd Season,8.54,TV,12,Apr 2012 - Jun 2012
mal_790,Hotaru no Haka,8.54,Movie,1,Apr 1988 - Apr 1988
mal_791,Kimetsu no Yaiba Movie: Mugen Ressha-hen,8.54,Movie,1,Oct 2020 - Oct 2020
mal_792,Zoku Natsume Yuujinchou,8.53,TV,13,Jan 2009 - Mar 2009
mal_793,Chiikawa,8.53,TV,?,Apr 2022 -
mal_794,Fruits Basket 2nd Season,8.53,TV,25,Apr 2020 - Sep 2020
mal_795,Bakuman. 3rd Season,8.52,TV,25,Oct 2012 - Mar 2013
mal_796,Dr. Stone: Science Future Part 2,8.52,TV,12,Jul 2025 - Sep 2025
mal_797,Fanren Xiu Xian Zhuan 4th Season,8.52,ONA,52,Jan 2025 - Jan 2026
mal_798,Gintama Movie 1: Shinyaku Benizakura-hen,8.52,Movie,1,Apr 2010 - Apr 2010
mal_799,Jujutsu Kaisen,8.52,TV,24,Oct 2020 - Mar 2021
mal_800,Mushishi: Hihamukage,8.52,TV Special,1,Jan 2014 - Jan 2014
mal_801,Samurai Champloo,8.52,TV,26,May 2004 - Mar 2005
mal_802,[Oshi no Ko] 2nd Season,8.52,TV,13,Jul 2024 - Oct 2024
mal_803,Chou Kaguya-hime!,8.51,ONA,1,Jan 2026 - Jan 2026
mal_804,Gintama. Porori-hen,8.51,TV,13,Oct 2017 - Dec 2017
mal_805,JoJo no Kimyou na Bouken Part 6: Stone Ocean Part 3,8.51,ONA,14,Dec 2022 - Dec 2022
mal_806,Kara no Kyoukai Movie 5: Mujun Rasen,8.51,Movie,1,Aug 2008 - Aug 2008
mal_807,Koukaku Kidoutai: Stand Alone Complex 2nd GIG,8.51,TV,26,Jan 2004 - Jan 2005
mal_808,JoJo no Kimyou na Bouken Part 4: Diamond wa Kudakenai,8.50,TV,39,Apr 2016 - Dec 2016
mal_809,Mahou Shoujo Madoka★Magica Movie 3: Hangyaku no Monogatari,8.50,Movie,1,Oct 2013 - Oct 2013
mal_810,Shoujo☆Kageki Revue Starlight Movie,8.50,Movie,1,Jun 2021 - Jun 2021
mal_811,Sora yori mo Tooi Basho,8.50,TV,13,Jan 2018 - Mar 2018
mal_812,Yuru Camp△ Season 2,8.50,TV,13,Jan 2021 - Apr 2021
mal_813,[Oshi no Ko] 3rd Season,8.50,TV,11,Jan 2026 -
mal_814,Fate/strange Fake,8.50,TV,13,Jan 2026 -
mal_815,Grand Blue Season 2,8.50,TV,12,Jul 2025 - Sep 2025
mal_816,Mob Psycho 100,8.49,TV,12,Jul 2016 - Sep 2016
mal_817,Tian Guan Cifu Special,8.49,ONA,1,Feb 2021 - Feb 2021
mal_818,Uchuu Kyoudai,8.48,TV,99,Apr 2012 - Mar 2014
mal_819,Given Movie 3: Umi e,8.48,Movie,1,Sep 2024 - Sep 2024
mal_820,Nezha Zhi Mo Tong Nao Hai,8.48,Movie,1,Jan 2025 - Jan 2025
mal_821,One Punch Man,8.48,TV,12,Oct 2015 - Dec 2015
mal_822,Ousama Ranking,8.48,TV,23,Oct 2021 - Mar 2022
mal_823,Nichijou,8.47,TV,26,Apr 2011 - Sep 2011
mal_824,Summertime Render,8.47,TV,25,Apr 2022 - Sep 2022
mal_825,Yakusoku no Neverland,8.47,TV,12,Jan 2019 - Mar 2019
mal_826,Ansatsu Kyoushitsu 2nd Season,8.47,TV,25,Jan 2016 - Jul 2016
mal_827,Aria the Origination,8.47,TV,13,Jan 2008 - Apr 2008
mal_828,Fate/stay night Movie: Heaven's Feel - II. Lost Butterfly,8.46,Movie,1,Jan 2019 - Jan 2019
mal_829,Mo Dao Zu Shi,8.46,ONA,15,Jul 2018 - Oct 2018
mal_830,Mo Dao Zu Shi: Xian Yun Pian,8.46,ONA,8,Aug 2019 - Sep 2019
mal_831,Rainbow: Nisha Rokubou no Shichinin,8.46,TV,26,Apr 2010 - Sep 2010
mal_832,Yuu☆Yuu☆Hakusho,8.46,TV,112,Oct 1992 - Jan 1995
mal_833,Steins;Gate Movie: Fuka Ryouiki no Déjà vu,8.45,Movie,1,Apr 2013 - Apr 2013
mal_834,Banana Fish,8.45,TV,24,Jul 2018 - Dec 2018
mal_835,Chihayafuru 3,8.45,TV,24,Oct 2019 - Mar 2020
mal_836,Gintama: The Semi-Final,8.45,Special,2,Jan 2021 - Jan 2021
mal_837,Grand Blue,8.45,TV,12,Jul 2018 - Sep 2018
mal_838,Owarimonogatari,8.45,TV,12,Oct 2015 - Dec 2015
mal_839,JoJo no Kimyou na Bouken Part 3: Stardust Crusaders - Egypt-hen,8.44,TV,24,Jan 2015 - Jun 2015
mal_840,Kimi ni Todoke 3rd Season,8.44,ONA,5,Aug 2024 - Aug 2024
mal_841,Pluto,8.44,ONA,8,Oct 2023 - Oct 2023
mal_842,Tian Guan Cifu Short Film,8.44,ONA,?,Feb 2025 -
mal_843,Xian Ni,8.44,ONA,128,Sep 2023 -
mal_844,Dandadan,8.44,TV,12,Oct 2024 - Dec 2024
mal_845,Chainsaw Man,8.43,TV,12,Oct 2022 - Dec 2022
mal_846,Dandadan 2nd Season,8.43,TV,12,Jul 2025 - Sep 2025
mal_847,Doupo Cangqiong: Nian Fan,8.43,ONA,209,Jul 2022 -
mal_848,Golden Kamuy 3rd Season,8.43,TV,12,Oct 2020 - Dec 2020
mal_849,Haikyuu!!,8.43,TV,25,Apr 2014 - Sep 2014
mal_850,Hunter x Hunter,8.43,TV,62,Oct 1999 - Mar 2001
mal_851,Re:Zero kara Hajimeru Isekai Seikatsu 3rd Season,8.43,TV,16,Oct 2024 - Mar 2025
mal_852,Spy x Family,8.43,TV,12,Apr 2022 - Jun 2022
mal_853,Zoku Owarimonogatari,8.43,TV,6,May 2019 - Jun 2019
mal_854,Re:Zero kara Hajimeru Isekai Seikatsu 2nd Season Part 2,8.42,TV,12,Jan 2021 - Mar 2021
mal_855,Shingeki no Kyojin: Kuinaki Sentaku,8.42,OVA,2,Dec 2014 - Apr 2015
mal_856,Tian Guan Cifu,8.42,ONA,11,Oct 2020 - Jan 2021
mal_857,Violet Evergarden Gaiden: Eien to Jidou Shuki Ningyou,8.42,Movie,1,Sep 2019 - Sep 2019
mal_858,Wu Liuqi: Xuanwu Guo Pian,8.42,ONA,10,Jan 2021 - May 2021
mal_859,Ikoku Nikki,8.42,TV,13,Jan 2026 -
mal_860,Kono Oto Tomare! Part 2,8.42,TV,13,Oct 2019 - Dec 2019
mal_861,Koukaku Kidoutai: Stand Alone Complex,8.42,TV,26,Oct 2002 - Oct 2003
mal_862,Mushishi Zoku Shou: Odoro no Michi,8.42,TV Special,1,Aug 2014 - Aug 2014
mal_863,Natsume Yuujinchou Movie: Utsusemi ni Musubu,8.42,Movie,1,Sep 2018 - Sep 2018
mal_864,Bungou Stray Dogs 4th Season,8.42,TV,13,Jan 2023 - Mar 2023
mal_865,Gintama: Yorinuki Gintama-san on Theater 2D,8.42,Movie,2,Aug 2012 - Aug 2012
mal_866,Saenai Heroine no Sodatekata Fine,8.41,Movie,1,Oct 2019 - Oct 2019
mal_867,Saiki Kusuo no Ψ-nan,8.41,TV,120,Jul 2016 - Dec 2016
mal_868,Saiki Kusuo no Ψ-nan 2,8.41,TV,24,Jan 2018 - Jun 2018
mal_869,Karakai Jouzu no Takagi-san Movie,8.41,Movie,1,Jun 2022 - Jun 2022
mal_870,Kimetsu no Yaiba,8.41,TV,26,Apr 2019 - Sep 2019
mal_871,Mononoke,8.41,TV,12,Jul 2007 - Sep 2007
mal_872,Kaguya-sama wa Kokurasetai: Tensai-tachi no Renai Zunousen,8.40,TV,12,Jan 2019 - Mar 2019
mal_873,Kamisama Hajimemashita: Kako-hen,8.40,OVA,4,Aug 2015 - Aug 2016
mal_874,Kono Subarashii Sekai ni Shukufuku wo! Movie: Kurenai Densetsu,8.40,Movie,1,Aug 2019 - Aug 2019
mal_875,Natsume Yuujinchou Roku Specials,8.40,Special,2,Sep 2017 - Oct 2017
mal_876,Made in Abyss Movie 2: Hourou Suru Tasogare,8.39,Movie,1,Jan 2019 - Jan 2019
mal_877,Major S5,8.39,TV,25,Jan 2009 - Jun 2009
mal_878,Mushoku Tensei II: Isekai Ittara Honki Dasu Part 2,8.39,TV,12,Apr 2024 - Jul 2024
mal_879,Houseki no Kuni,8.39,TV,12,Oct 2017 - Dec 2017
mal_880,Ramayana: The Legend of Prince Rama,8.39,Movie,1,Jan 1993 - Jan 1993
mal_881,Sayonara no Asa ni Yakusoku no Hana wo Kazarou,8.39,Movie,1,Feb 2018 - Feb 2018
mal_882,Violet Evergarden: Recollections,8.39,Special,1,Oct 2021 - Oct 2021
mal_883,Tunshi Xingkong 3rd Season,8.38,ONA,33,Sep 2022 - Apr 2023
mal_884,Vivy: Fluorite Eye's Song,8.38,TV,13,Apr 2021 - Jun 2021
mal_885,Josee to Tora to Sakana-tachi,8.38,Movie,1,Dec 2020 - Dec 2020
mal_886,Jujutsu Kaisen 0 Movie,8.38,Movie,1,Dec 2021 - Dec 2021
mal_887,Kaze ga Tsuyoku Fuiteiru,8.38,TV,23,Oct 2018 - Mar 2019
mal_888,Mahou Shoujo Madoka★Magica,8.38,TV,12,Jan 2011 - Apr 2011
mal_889,Mahou Shoujo Madoka★Magica Movie 2: Eien no Monogatari,8.38,Movie,1,Oct 2012 - Oct 2012
mal_890,Blue Giant,8.38,Movie,1,Feb 2023 - Feb 2023
mal_891,Cowboy Bebop: Tengoku no Tobira,8.38,Movie,1,Sep 2001 - Sep 2001
mal_892,Gintama°: Aizome Kaori-hen,8.38,OVA,2,Aug 2016 - Nov 2016
mal_893,3-gatsu no Lion,8.37,TV,22,Oct 2016 - Mar 2017
mal_894,Chihayafuru 2,8.37,TV,25,Jan 2013 - Jun 2013
mal_895,Haikyuu!! To the Top,8.37,TV,13,Jan 2020 - Apr 2020
mal_896,Shinseiki Evangelion,8.37,TV,26,Oct 1995 - Mar 1996
mal_897,Tunshi Xingkong 4th Season,8.37,ONA,175,Oct 2023 -
mal_898,Yuru Camp△ Movie,8.37,Movie,1,Jul 2022 - Jul 2022
mal_899,Karakai Jouzu no Takagi-san 3,8.37,TV,12,Jan 2022 - Mar 2022
mal_900,Medalist,8.37,TV,13,Jan 2025 - Mar 2025
mal_901,Initial D First Stage,8.36,TV,26,Apr 1998 - Dec 1998
mal_902,K-On! Movie,8.36,Movie,1,Dec 2011 - Dec 2011
mal_903,Kara no Kyoukai Movie 7: Satsujin Kousatsu (Go),8.36,Movie,1,Aug 2009 - Aug 2009
mal_904,Kaze no Tani no Nausicaä,8.36,Movie,1,Mar 1984 - Mar 1984
mal_905,Kizumonogatari I: Tekketsu-hen,8.36,Movie,1,Jan 2016 - Jan 2016
mal_906,Barakamon,8.36,TV,12,Jul 2014 - Sep 2014
mal_907,Cross Game,8.36,TV,50,Apr 2009 - Mar 2010
mal_908,Douluo Dalu 2nd Season,8.36,ONA,237,Dec 2018 - Jun 2023
mal_909,Fruits Basket: Prelude,8.36,Movie,1,Feb 2022 - Feb 2022
mal_910,Gintama: Shiroyasha Koutan,8.36,Special,1,Sep 2008 - Sep 2008
mal_911,Girls Band Cry,8.36,TV,13,Apr 2024 - Jun 2024
mal_912,Ashita no Joe,8.35,TV,79,Apr 1970 - Sep 1971
mal_913,Baccano!,8.35,TV,13,Jul 2007 - Nov 2007
mal_914,Fumetsu no Anata e,8.35,TV,20,Apr 2021 - Aug 2021
mal_915,Girls & Panzer: Saishuushou Part 4,8.35,Movie,1,Oct 2023 - Oct 2023
mal_916,Hyakuemu.,8.35,Movie,1,Sep 2025 - Sep 2025
mal_917,Non Non Biyori Nonstop,8.35,TV,12,Jan 2021 - Mar 2021
mal_918,Versailles no Bara,8.35,TV,40,Oct 1979 - Sep 1980
mal_919,"Violet Evergarden: Kitto ""Ai"" wo Shiru Hi ga Kuru no Darou",8.35,Special,1,Jul 2018 - Jul 2018
mal_920,Yahari Ore no Seishun Love Comedy wa Machigatteiru. Kan,8.35,TV,12,Jul 2020 - Sep 2020
mal_921,Tensei shitara Slime Datta Ken 2nd Season,8.34,TV,12,Jan 2021 - Mar 2021
mal_922,Yofukashi no Uta Season 2,8.34,TV,12,Jul 2025 - Sep 2025
mal_923,86,8.34,TV,11,Apr 2021 - Jun 2021
mal_924,Fanren Xiu Xian Zhuan: Xinghai Feichi,8.34,ONA,48,Nov 2023 - Oct 2024
mal_925,Hellsing Ultimate,8.34,OVA,10,Feb 2006 - Dec 2012
mal_926,Hibike! Euphonium 2,8.34,TV,13,Oct 2016 - Dec 2016
mal_927,IDOLiSH7 Third Beat! Part 2,8.34,TV,17,Oct 2022 - Feb 2023
mal_928,Kimetsu no Yaiba: Mugen Ressha-hen,8.34,TV,7,Oct 2021 - Nov 2021
mal_929,Kono Subarashii Sekai ni Shukufuku wo! 3,8.34,TV,11,Apr 2024 - Jun 2024
mal_930,Meitantei Conan Movie 26: Kurogane no Submarine,8.34,Movie,1,Apr 2023 - Apr 2023
mal_931,Kobayashi-san Chi no Maid Dragon: Samishigariya no Ryuu,8.33,Movie,1,Jun 2025 - Jun 2025
mal_932,Luo Xiaohei Zhanji (Movie),8.33,Movie,1,Sep 2019 - Sep 2019
mal_933,Mushoku Tensei: Isekai Ittara Honki Dasu,8.33,TV,11,Jan 2021 - Mar 2021
mal_934,Natsume Yuujinchou: Itsuka Yuki no Hi ni,8.33,OVA,1,Feb 2014 - Feb 2014
mal_935,Psycho-Pass,8.33,TV,22,Oct 2012 - Mar 2013
mal_936,Bakuman. 2nd Season,8.33,TV,25,Oct 2011 - Mar 2012
mal_937,Doraemon Movie 31: Shin Nobita to Tetsujin Heidan - Habatake Tenshi-tachi,8.33,Movie,1,Mar 2011 - Mar 2011
mal_938,Bakemonogatari,8.32,TV,15,Jul 2009 - Jun 2010
mal_939,Fate/stay night: Unlimited Blade Works 2nd Season,8.32,TV,13,Apr 2015 - Jun 2015
mal_940,Ginga Eiyuu Densetsu: Die Neue These - Gekitotsu,8.32,Movie,12,Mar 2022 - May 2022
mal_941,Ginga Eiyuu Densetsu: Die Neue These - Sakubou,8.32,Movie,12,Sep 2022 - Nov 2022
mal_942,Re:Zero kara Hajimeru Isekai Seikatsu 2nd Season,8.32,TV,13,Jul 2020 - Sep 2020
mal_943,Usagi Drop,8.32,TV,11,Jul 2011 - Sep 2011
mal_944,Wu Shan Wu Xing: Xichuan Huan Zi Lin,8.32,ONA,4,Jul 2023 - Aug 2023
mal_945,Kidou Senshi Gundam: The Origin,8.32,OVA,6,Feb 2015 - May 2018
mal_946,Kiseijuu: Sei no Kakuritsu,8.32,TV,24,Oct 2014 - Mar 2015
mal_947,One Outs,8.32,TV,25,Oct 2008 - Apr 2009
mal_948,Major S6,8.31,TV,25,Apr 2010 - Sep 2010
mal_949,Natsume Yuujinchou Go Specials,8.31,Special,2,Mar 2017 - Apr 2017
mal_950,NHK ni Youkoso!,8.31,TV,24,Jul 2006 - Dec 2006
mal_951,Bocchi the Rock! Movie,8.31,Movie,2,Jun 2024 - Aug 2024
mal_952,Dr. Stone: New World Part 2,8.31,TV,11,Oct 2023 - Dec 2023
mal_953,Hunter x Hunter: Original Video Animation,8.31,OVA,8,Jan 2002 - Apr 2002
mal_954,Romeo no Aoi Sora,8.31,TV,33,Jan 1995 - Dec 1995
mal_955,Sasaki to Miyano Movie: Sotsugyou-hen,8.31,Movie,1,Feb 2023 - Feb 2023
mal_956,Uchuu Senkan Yamato 2199,8.31,OVA,26,May 2012 - Oct 2013
mal_957,Shiguang Dailiren: Yingdu Pian,8.30,ONA,6,Dec 2024 - Jan 2025
mal_958,Uma Musume: Pretty Derby Season 2,8.30,TV,13,Jan 2021 - Mar 2021
mal_959,Initial D Final Stage,8.30,TV,4,May 2014 - Jun 2014
mal_960,Natsume Yuujinchou,8.30,TV,13,Jul 2008 - Sep 2008
mal_961,Ookami to Koushinryou II,8.30,TV,12,Jul 2009 - Sep 2009
mal_962,Boku dake ga Inai Machi,8.30,TV,12,Jan 2016 - Mar 2016
mal_963,Diamond no Ace: Second Season,8.30,TV,51,Apr 2015 - Mar 2016
mal_964,Ano Hi Mita Hana no Namae wo Bokutachi wa Mada Shiranai.,8.29,TV,11,Apr 2011 - Jun 2011
mal_965,Beck,8.29,TV,26,Oct 2004 - Mar 2005
mal_966,Evangelion Movie 2: Ha,8.29,Movie,1,Jul 2009 - Jul 2009
mal_967,Given,8.29,TV,11,Jul 2019 - Sep 2019
mal_968,Redline,8.29,Movie,1,Aug 2009 - Aug 2009
mal_969,Sakamichi no Apollon,8.29,TV,12,Apr 2012 - Jun 2012
mal_970,Steins;Gate: Oukoubakko no Poriomania,8.29,Special,1,Feb 2012 - Feb 2012
mal_971,Tensei shitara Slime Datta Ken 2nd Season Part 2,8.29,TV,12,Jul 2021 - Sep 2021
mal_972,Tokyo Godfathers,8.29,Movie,1,Nov 2003 - Nov 2003
mal_973,Tunshi Xingkong 2nd Season,8.29,ONA,26,Dec 2021 - Sep 2022
mal_974,Yuukoku no Moriarty Part 2,8.29,TV,13,Apr 2021 - Jun 2021
mal_975,Katanagatari,8.29,TV,12,Jan 2010 - Dec 2010
mal_976,Kemono no Souja Erin,8.29,TV,50,Jan 2009 - Dec 2009
mal_977,Kingdom 2nd Season,8.29,TV,39,Jun 2013 - Mar 2014
mal_978,Kuroko no Basket 3rd Season,8.29,TV,25,Jan 2015 - Jun 2015
mal_979,Meitantei Conan Movie 06: Baker Street no Bourei,8.29,Movie,1,Apr 2002 - Apr 2002
mal_980,Naruto: Shippuuden,8.29,TV,500,Feb 2007 - Mar 2017
mal_981,Kino no Tabi: The Beautiful World,8.28,TV,13,Apr 2003 - Jul 2003
mal_982,Major: World Series,8.28,OVA,2,Dec 2011 - Jan 2012
mal_983,Diamond no Ace: Act II,8.28,TV,52,Apr 2019 - Mar 2020
mal_984,Ginga Eiyuu Densetsu: Die Neue These - Seiran 3,8.28,Movie,4,Nov 2019 - Nov 2019
mal_985,Seishun Buta Yarou wa Randoseru Girl no Yume wo Minai,8.28,Movie,1,Dec 2023 - Dec 2023
mal_986,Tanoshii Muumin Ikka,8.28,TV,78,Apr 1990 - Oct 1991
mal_987,Yuusha-kei ni Shosu: Choubatsu Yuusha 9004-tai Keimu Kiroku,8.28,TV,12,Jan 2026 -
mal_988,Rurouni Kenshin: Meiji Kenkaku Romantan,8.27,TV,94,Jan 1996 - Sep 1998
mal_989,Tenki no Ko,8.27,Movie,1,Jul 2019 - Jul 2019
mal_990,Koukaku Kidoutai,8.27,Movie,1,Nov 1995 - Nov 1995
mal_991,Doukyuusei,8.27,Movie,1,Feb 2016 - Feb 2016
mal_992,Gin no Saji 2nd Season,8.27,TV,11,Jan 2014 - Mar 2014
mal_993,Gintama: Shinyaku Benizakura-hen,8.27,Special,1,Dec 2010 - Dec 2010
mal_994,Dororo,8.26,TV,24,Jan 2019 - Jun 2019
mal_995,Dr. Stone,8.26,TV,24,Jul 2019 - Dec 2019
mal_996,Fate/Zero,8.26,TV,13,Oct 2011 - Dec 2011
mal_997,Gyakkyou Burai Kaiji: Ultimate Survivor,8.26,TV,26,Oct 2007 - Apr 2008
mal_998,Haikyuu!! Movie 4: Concept no Tatakai,8.26,Movie,1,Sep 2017 - Sep 2017
mal_999,Hotarubi no Mori e,8.26,Movie,1,Sep 2011 - Sep 2011
mal_1000,"Shangri-La Frontier: Kusoge Hunter, Kamige ni Idoman to su 2nd Season",8.26,TV,25,Oct 2024 - Mar 2025
mal_1001,Shirobako,8.26,TV,24,Oct 2014 - Mar 2015
mal_1002,Space☆Dandy 2nd Season,8.26,TV,13,Jul 2014 - Sep 2014
mal_1003,Steins;Gate: Kyoukaimenjou no Missing Link - Divide By Zero,8.26,TV Special,1,Dec 2015 - Dec 2015
mal_1004,Tenkuu no Shiro Laputa,8.26,Movie,1,Aug 1986 - Aug 1986
mal_1005,Tsubasa: Tokyo Revelations,8.26,OVA,3,Nov 2007 - Mar 2008
mal_1006,Wu Liuqi: Jiyi Suipian,8.26,ONA,10,Oct 2024 - Nov 2024
mal_1007,Yuru Camp△,8.26,TV,12,Jan 2018 - Mar 2018
mal_1008,Kage no Jitsuryokusha ni Naritakute! 2nd Season,8.26,TV,12,Oct 2023 - Dec 2023
mal_1009,Mononoke Movie 2: Hinezumi,8.25,Movie,1,Mar 2025 - Mar 2025
mal_1010,Nodame Cantabile,8.25,TV,23,Jan 2007 - Jun 2007
mal_1011,Doupo Cangqiong 4th Season,8.25,ONA,24,Mar 2021 - Aug 2021
mal_1012,Dr. Stone: Science Future,8.25,TV,12,Jan 2025 - Mar 2025
mal_1013,Dungeon ni Deai wo Motomeru no wa Machigatteiru Darou ka IV: Shin Shou - Yakusai-hen,8.25,TV,11,Jan 2023 - Mar 2023
mal_1014,Golden Kamuy: Saishuushou,8.25,TV,13,Jan 2026 -
mal_1015,Hajime no Ippo: Champion Road,8.25,TV Special,1,Apr 2003 - Apr 2003
mal_1016,Hajime no Ippo: Mashiba vs. Kimura,8.25,OVA,1,Sep 2003 - Sep 2003
mal_1017,Hunter x Hunter: Greed Island Final,8.25,OVA,14,Mar 2004 - Aug 2004
mal_1018,Tonari no Totoro,8.25,Movie,1,Apr 1988 - Apr 1988
mal_1019,Wu Liuqi: Anying Suming,8.25,ONA,10,Jan 2023 - Mar 2023
mal_1020,Re:Zero kara Hajimeru Isekai Seikatsu,8.24,TV,25,Apr 2016 - Sep 2016
mal_1021,Sennen Joyuu,8.24,Movie,1,Sep 2002 - Sep 2002
mal_1022,Shinsekai yori,8.24,TV,25,Sep 2012 - Mar 2013
mal_1023,Shoujo Shuumatsu Ryokou,8.24,TV,12,Oct 2017 - Dec 2017
mal_1024,Stranger: Mukou Hadan,8.24,Movie,1,Sep 2007 - Sep 2007
mal_1025,Suzume no Tojimari,8.24,Movie,1,Nov 2022 - Nov 2022
mal_1026,World Trigger 3rd Season,8.24,TV,14,Oct 2021 - Jan 2022
mal_1027,IDOLiSH7 Third Beat!,8.24,TV,13,Jul 2021 - Sep 2021
mal_1028,Kamisama Hajimemashita◎,8.24,TV,12,Jan 2015 - Mar 2015
mal_1029,Kono Subarashii Sekai ni Shukufuku wo! 2,8.24,TV,10,Jan 2017 - Mar 2017
mal_1030,Kuroshitsuji Movie: Book of the Atlantic,8.24,Movie,1,Jan 2017 - Jan 2017
mal_1031,Meitantei Conan: Episode One - Chiisaku Natta Meitantei,8.24,TV Special,1,Dec 2016 - Dec 2016
mal_1032,Mushen Ji,8.24,ONA,?,Oct 2024 -
mal_1033,Planetes,8.24,TV,26,Oct 2003 - Apr 2004
mal_1034,Golden Kamuy 2nd Season,8.24,TV,12,Oct 2018 - Dec 2018
mal_1035,Gyakkyou Burai Kaiji: Hakairoku-hen,8.24,TV,26,Apr 2011 - Sep 2011
mal_1036,Danshi Koukousei no Nichijou,8.23,TV,12,Jan 2012 - Mar 2012
mal_1037,Gachiakuta,8.23,TV,24,Jul 2025 - Dec 2025
mal_1038,Seishun Buta Yarou wa Bunny Girl Senpai no Yume wo Minai,8.23,TV,13,Oct 2018 - Dec 2018
mal_1039,Shen Yin Wangzuo 2nd Season,8.23,ONA,?,Nov 2022 -
mal_1040,Shoujo Kakumei Utena,8.23,TV,39,Apr 1997 - Dec 1997
mal_1041,Yi Nian Yong Heng 3rd Season,8.23,ONA,59,Jul 2024 - Jul 2025
mal_1042,Youjo Senki Movie,8.23,Movie,1,Feb 2019 - Feb 2019
mal_1043,Kage no Jitsuryokusha ni Naritakute!,8.23,TV,20,Oct 2022 - Feb 2023
mal_1044,Kaijuu 8-gou,8.23,TV,12,Apr 2024 - Jun 2024
mal_1045,Kidou Senshi Gundam: Tekketsu no Orphans 2nd Season,8.23,TV,25,Oct 2016 - Apr 2017
mal_1046,Kono Sekai no Katasumi ni,8.23,Movie,1,Nov 2016 - Nov 2016
mal_1047,Majo no Takkyuubin,8.23,Movie,1,Jul 1989 - Jul 1989
mal_1048,Non Non Biyori Movie: Vacation,8.23,Movie,1,Aug 2018 - Aug 2018
mal_1049,Kaguya-hime no Monogatari,8.22,Movie,1,Nov 2013 - Nov 2013
mal_1050,Liz to Aoi Tori,8.22,Movie,1,Apr 2018 - Apr 2018
mal_1051,Mahou Shoujo Madoka★Magica Movie 1: Hajimari no Monogatari,8.22,Movie,1,Oct 2012 - Oct 2012
mal_1052,Medalist 2nd Season,8.22,TV,9,Jan 2026 -
mal_1053,Mimi wo Sumaseba,8.22,Movie,1,Jul 1995 - Jul 1995
mal_1054,Nodame Cantabile Finale,8.22,TV,11,Jan 2010 - Mar 2010
mal_1055,Bakemono no Ko,8.22,Movie,1,Jul 2015 - Jul 2015
mal_1056,BanG Dream! It's MyGO!!!!!,8.22,TV,13,Jun 2023 - Sep 2023
mal_1057,Boku no Hero Academia 6th Season,8.22,TV,25,Oct 2022 - Mar 2023
mal_1058,Spy x Family Season 3,8.22,TV,13,Oct 2025 - Dec 2025
mal_1059,Trigun,8.22,TV,26,Apr 1998 - Sep 1998
mal_1060,Wu Liuqi: Zui Qiang Fa Xing Shi,8.22,ONA,10,Oct 2019 - Jan 2020
mal_1061,ReLIFE: Kanketsu-hen,8.21,Special,4,Mar 2018 - Mar 2018
mal_1062,Saiki Kusuo no Ψ-nan: Kanketsu-hen,8.21,TV Special,1,Dec 2018 - Dec 2018
mal_1063,Tengoku Daimakyou,8.21,TV,13,Apr 2023 - Jun 2023
mal_1064,Kobayashi-san Chi no Maid Dragon S,8.21,TV,12,Jul 2021 - Sep 2021
mal_1065,Major S3,8.21,TV,26,Jan 2007 - Jun 2007
mal_1066,Ookami to Koushinryou,8.21,TV,13,Jan 2008 - Mar 2008
mal_1067,Berserk: Ougon Jidai-hen III - Kourin,8.21,Movie,1,Feb 2013 - Feb 2013
mal_1068,Boku no Kokoro no Yabai Yatsu,8.21,TV,12,Apr 2023 - Jun 2023
mal_1069,Cardcaptor Sakura Movie 2: Fuuin Sareta Card,8.21,Movie,1,Jul 2000 - Jul 2000
mal_1070,Dragon Ball Z,8.21,TV,291,Apr 1989 - Jan 1996
mal_1071,Fruits Basket 1st Season,8.21,TV,25,Apr 2019 - Sep 2019
mal_1072,Haikyuu!! Movie 3: Sainou to Sense,8.21,Movie,1,Sep 2017 - Sep 2017
mal_1073,Bungou Stray Dogs 3rd Season,8.20,TV,12,Apr 2019 - Jun 2019
mal_1074,Cang Yuan Tu 2,8.20,ONA,36,Dec 2024 - Aug 2025
mal_1075,Dragon Ball Super: Broly,8.20,Movie,1,Dec 2018 - Dec 2018
mal_1076,SKET Dance,8.20,TV,77,Apr 2011 - Sep 2012
mal_1077,Spy x Family Part 2,8.20,TV,13,Oct 2022 - Dec 2022
mal_1078,Stand By Me Doraemon 2,8.20,Movie,1,Nov 2020 - Nov 2020
mal_1079,xxxHOLiC◆Kei,8.20,TV,13,Apr 2008 - Jun 2008
mal_1080,Yahari Ore no Seishun Love Comedy wa Machigatteiru. Zoku,8.20,TV,13,Apr 2015 - Jun 2015
mal_1081,Yubisaki to Renren,8.20,TV,12,Jan 2024 - Mar 2024
mal_1082,InuYasha: Kanketsu-hen,8.20,TV,26,Oct 2009 - Mar 2010
mal_1083,Kuroko no Basket 2nd Season,8.20,TV,25,Oct 2013 - Mar 2014
mal_1084,Magi: The Kingdom of Magic,8.20,TV,25,Oct 2013 - Mar 2014
mal_1085,Maison Ikkoku,8.20,TV,96,Mar 1986 - Mar 1988
mal_1086,Major S1,8.20,TV,26,Nov 2004 - May 2005
mal_1087,Meitantei Conan Movie 13: Shikkoku no Chaser,8.20,Movie,1,Apr 2009 - Apr 2009
mal_1088,Mushoku Tensei II: Isekai Ittara Honki Dasu,8.20,TV,12,Jul 2023 - Sep 2023
mal_1089,Initial D Second Stage,8.19,TV,13,Oct 1999 - Jan 2000
mal_1090,Jigokuraku 2nd Season,8.19,TV,12,Jan 2026 -
mal_1091,Mo Dao Zu Shi Q,8.19,ONA,30,Jul 2020 - Jan 2021
mal_1092,One Piece: Episode of Merry - Mou Hitori no Nakama no Monogatari,8.19,TV Special,1,Aug 2013 - Aug 2013
mal_1093,Ore dake Level Up na Ken,8.19,TV,12,Jan 2024 - Mar 2024
mal_1094,Asobi Asobase,8.19,TV,12,Jul 2018 - Sep 2018
mal_1095,Girls & Panzer Movie,8.19,Movie,1,Nov 2015 - Nov 2015
mal_1096,Great Pretender,8.19,TV,23,Jul 2020 - Dec 2020
mal_1097,Horimiya,8.19,TV,13,Jan 2021 - Apr 2021
mal_1098,Quanzhi Gaoshou Specials,8.19,ONA,3,Apr 2018 - May 2018
mal_1099,Sasaki to Miyano,8.19,TV,12,Jan 2022 - Mar 2022
mal_1100,Senki Zesshou Symphogear XV,8.19,TV,13,Jul 2019 - Sep 2019
